name,url,zone_tags,offer_tags,price_band,notes
(20+) (ซื้อ/ขาย/เช่า) คอนโด บ้าน ในกรุงเทพฯBangkok condo,https://www.facebook.com/groups/317668643714834,bangkok,"rent,sale,condo,house",,
(20+) [Market] ซื้อ ขาย เช่า ฝากขาย คอนโด ใกล้รถไฟฟ้า,https://www.facebook.com/groups/774629652726107,,"rent,sale,condo",,
(20+) BANGKOK CONDO EXCHANGE CENTER 曼谷公寓交易中心,https://www.facebook.com/groups/918513708275659,bangkok,condo,,
(20+) Bangkok Condo for Rent and Sale ซื้อ ขาย เช่า คอนโดติดรถไฟฟ้า,https://www.facebook.com/groups/133594553855013,bangkok,"rent,sale,condo",,
(20+) Bangkok Condo For RENT “BTS”,https://www.facebook.com/groups/1844097492352789,bangkok,"rent,condo",,
(20+) Bangkok Condo For SALE / RENT,https://www.facebook.com/groups/169393537179516,bangkok,"rent,sale,condo",,
(20+) BANGKOK EXPATS / Houses / Condos - for Rent and Sale,https://www.facebook.com/groups/1505551913613649,bangkok,"rent,sale,condo,house,expat",,
(20+) BANGKOK EXPATS CLASSIFIEDS FORUM,https://www.facebook.com/groups/493801904328548,bangkok,expat,,
(20+) Bangkok Expats condo-house for rent (short term / long term),https://www.facebook.com/groups/661207761960248,bangkok,"rent,condo,house,expat",,
(20+) Casa Condo Asoke - Dindaeng คาซ่า คอนโด อโศก - ดินแดง คอนโดให้เช่า,https://www.facebook.com/groups/1042398696482055,asoke,"rent,condo",,
(20+) CONDO EXCHANGE CENTER TH ซื้อ ขาย เช่า คอนโด,https://www.facebook.com/groups/1818017401691955,,"rent,sale,condo",,
(20+) Condo for rent and sale by owner สุขุมวิท อโศก พระราม9 รัชดา ทั่วกรุงเทพฯ,https://www.facebook.com/groups/361471262561151,"rama9,asoke,ratchada,sukhumvit","rent,sale,condo",,
(20+) CONDO FOR RENT ASOKE-RAMA9 / RATCHADA - คอนโดให้เช่า อโศก-พระราม9 / รัชดา,https://www.facebook.com/groups/299669732398889,"rama9,asoke,ratchada","rent,condo",,
(20+) Condo for rent Bangkok Sukhumvit คอนโดให้เช่า กรุงเทพ สุขุมวิท ใกล้bts,https://www.facebook.com/groups/2046245172358040,sukhumvit,"rent,condo",,
(20+) Condo for Sale & Rent Thailand คอนโด ให้เช่า-ขาย ทั่วประเทศไทย,https://www.facebook.com/groups/340611486058589,,"rent,sale,condo",,
(20+) Condo Luxury & Big Size Double Volume Bangkok,https://www.facebook.com/groups/986401071459016,bangkok,condo,,
(20+) Condo Marketplace: รัชดาภิเษก ห้วยขวาง สุทธิสาร ศูนย์วัฒนธรรม เหม่งจ๋าย,https://www.facebook.com/groups/1756597841090354,"huaikhwang,ratchada",condo,,
(20+) Condo MRT BTS BKK buy rent คอนโด ขาย เช่า กรุงเทพ,https://www.facebook.com/groups/258515753348994,bangkok,"rent,sale,condo",,
(20+) Condo Only ซื้อขายเช่า “คอนโด” เท่านั้น,https://www.facebook.com/groups/828001787348618,,"rent,sale,condo",,
(20+) Condo rental by Owner คอนโดเจ้าของปล่อยเช่าเอง,https://www.facebook.com/groups/458098031664389,,"rent,condo",,
(20+) Condo เช่า ​ซื้อ-ขาย คอนโด​ ให้เช่าเท่านั้น​ กรุงเทพ​ ปริมณฑล​,https://www.facebook.com/groups/1604160379797295,bangkok,"rent,sale,condo",,
"(20+) Condo, House, Land For Rent & Sale in Thailand",https://www.facebook.com/groups/2375208805830473,,"rent,sale,condo,house",,
(20+) Condohub ซื้อ ขาย เช่า คอนโดทุกโครงการ ใกล้ BTS MRT ราคาถูกสุด,https://www.facebook.com/groups/1986622261663799,,"rent,sale,condo",,
(20+) Condos For Rent/Sale In Bangkok,https://www.facebook.com/groups/1614893802095229,bangkok,"rent,sale,condo",,
(20+) FIHOME ขายคอนโด ฝั่งธน by THREETREE STUDIO,https://www.facebook.com/groups/1321696481266145,,"sale,condo",,
(20+) FIHOME ขายคอนโด แนวรถไฟฟ้า by THREETREE STUDIO,https://www.facebook.com/groups/1571998213067410,,"sale,condo",,
(20+) Home Office โฮมออฟฟิศ บ้านให้เช่ากรุงเทพ ทาวน์โฮม อาคารพาณิชย์,https://www.facebook.com/groups/3559933737655458,bangkok,"rent,house,office",,
(20+) HomeOffice for rent - เช่าโฮมออฟฟิศ เช่าสำนักงาน โฮมออฟฟิศให้เช่า,https://www.facebook.com/groups/1647572298965463,,"rent,office",,
(20+) IDEO New Rama 9 ไอดีโอ นิว พระราม 9 ตัดใหม่ คอนโดให้เช่า,https://www.facebook.com/groups/558263495704357,rama9,"rent,condo",,
(20+) Kensington Kaset เคนซิงตัน เกษตร แคมปัส ครบเครื่องทุกการซื้อ ขาย เช่า,https://www.facebook.com/groups/2577559165600944,,"rent,sale",,
(20+) Life Asoke Hype for rent/sale-ไลฟ์ อโศก ไฮป์ พระราม 9 เช่า/ขาย/ซื้อ,https://www.facebook.com/groups/508036944277573,"rama9,asoke","rent,sale",,
(20+) LUXURY & SUPER LUXURY CONDO EXCHANGE CENTER,https://www.facebook.com/groups/831456180375710,,condo,,
(20+) LUXURY CONDO EXCHANGE,https://www.facebook.com/groups/257610507978700,,condo,,
(20+) Luxury Home - บ้านหรู คฤหาสน์ คฤหาสน์หรู กรุงเทพและปริมณฑล,https://www.facebook.com/groups/933477144626594,bangkok,house,,
(20+) Maru Ekkamai 2 Condominium for rent/sale-คอนโด มารุ เอกมัย 2 เช่า/ขาย/ซื้อ,https://www.facebook.com/groups/1462113407619325,ekamai,"rent,sale,condo",,
(20+) MU MAX Age Thailand,https://www.facebook.com/groups/1601762836791666,,,,
(20+) MU Origin 2 - TH-WEBZEN Officially Authorized,https://www.facebook.com/groups/318665125387010,,,,
(20+) Nue Core Khu Khot Station (นิว คอร์ คูคต สเตชัน),https://www.facebook.com/groups/602090261362244,,,,
(20+) Nue Cross Khukhot Station (นิวครอส คูคต สเตชั่น) - เช่า ซื้อ ขาย,https://www.facebook.com/groups/324807326948282,,"rent,sale",,
(20+) Office Exchange Center ซื้อ/ขาย/ให้เช่า ออฟฟิศ สำนักงาน อาคารพาณิชย์ ตึกแถว,https://www.facebook.com/groups/550592382897246,,"rent,sale,office",,
(20+) Office Exchange Center ซื้อ/ขาย/ให้เช่า ออฟฟิศ สำนักงาน อาคารพาณิชย์ ตึกแถว,https://www.facebook.com/groups/664316911195542,,"rent,sale,office",,
"(20+) Office for Rent ,เช่าร้านใน กทม. สำนักงานให้เช่า",https://www.facebook.com/groups/2198300677083655,,"rent,office",,
(20+) Office for rent สำนักงานให้เช่า ออฟฟิศให้เช่า,https://www.facebook.com/groups/319293962630875,,"rent,office",,
(20+) Office For Rent/Sale : ให้เช่า/ขาย ออฟฟิศ สำนักงาน โฮมออฟฟิศ,https://www.facebook.com/groups/971386641583353,,"rent,sale,office",,
(20+) Office โฮมออฟฟิศ เซ้งกิจการ พื้นที่ค้าขาย บ้านหรู คฤหาสน์,https://www.facebook.com/groups/551966002749970,,"sale,house,office",,
(20+) One9Five Asoke - Rama 9 (วันไนน์ไฟว์ อโศก - พระราม 9),https://www.facebook.com/groups/1711732372497638,"rama9,asoke",,,
(20+) Owner Only ปล่อยเช่าและขายคอนโดจากเจ้าของโดยตรง,https://www.facebook.com/groups/456957028207473,,"rent,sale,condo",,
(20+) Owner post ซื้อขาย ปล่อยเช่า อสังหา สำหรับเจ้าของโพสต์เท่านั้น,https://www.facebook.com/groups/849933970190019,,"rent,sale,owner_only",,
(20+) Owner Post ปล่อยเช่า คอนโด สาทร พระราม4 จุฬา สามย่าน เจ้าของปล่อยเอง,https://www.facebook.com/groups/1105579230338992,silom,"rent,condo,owner_only",,
(20+) Owner Post ปล่อยเช่า คอนโด อโศก พระราม9 รัชดา เจ้าของปล่อยเอง,https://www.facebook.com/groups/1516977068738748,"rama9,asoke,ratchada","rent,condo,owner_only",,
(20+) Owner Rent/sel Home Condo Luxury เจ้าของ บ้าน คอนโด หรู รถไฟฟ้า bts,https://www.facebook.com/groups/1396145167522075,,"rent,condo,house",,
(20+) Owner ซื้อขายเช่า คอนโด บ้าน ในกรุงเทพและปริมณฑล,https://www.facebook.com/groups/1609388822886962,bangkok,"rent,sale,condo,house",,
(20+) OWNER ปล่อยขายปล่อยเช่า ลูกค้าหาห้องพัก/AgentหาStock,https://www.facebook.com/groups/5237873106310208,,"rent,sale",,
(20+) Owner เจ้าของ ขาย ปล่อยเช่า บ้าน คอนโด ทาวน์โฮม,https://www.facebook.com/groups/988352639198652,,"rent,sale,condo,house",,
(20+) Pet Friendly Condo / Pet Allowed / บ้าน คอนโดให้เช่า เลี้ยงสัตว์ได้,https://www.facebook.com/groups/3935810556517746,,"rent,condo,house",,
(20+) Plum Condo Sukhumvit 97.1 พลัม คอนโด สุขุมวิท 97.1 คอนโดให้เช่า,https://www.facebook.com/groups/505864511260722,sukhumvit,"rent,condo",,
(20+) Rent & Sale Condo Thailand ขาย ให้เช่า คอนโด บ้าน ที่ดิน,https://www.facebook.com/groups/1405020326448712,,"rent,sale,condo,house",,
(20+) Rent Sale condo BTS MRT ปล่อยเช่าคอนโด ซื้อ-ขาย หาห้องพัก,https://www.facebook.com/groups/454134418690334,,"rent,sale,condo",,
(20+) Rent Sell Condo Bangkok,https://www.facebook.com/groups/246668169039324,bangkok,"rent,condo",,
(20+) Short-Term Bangkok Condo Rentals,https://www.facebook.com/groups/1202174166860409,bangkok,"rent,condo",,
(20+) summoners war : chronicles (th) 🇹🇭 - พูดคุย / ซื้อขายแลกเปลี่ยน,https://www.facebook.com/groups/2539594646265815,,sale,,
(20+) The Tree Sukhumvit 71 - Ekamai เดอะ ทรี สุขุมวิท 71 - เอกมัย คอนโดให้เช่า,https://www.facebook.com/groups/613125880210525,"ekamai,sukhumvit","rent,condo",,
(20+) XT HUAIKWANG (เอ็กซ์ที ห้วยขวาง)ซื้อ ขาย เช่า คอนโด ครบเครื่อง,https://www.facebook.com/groups/1026324725037988,huaikhwang,"rent,sale,condo",,
(20+) กลุ่ม ซื้อ ขาย เช่า คอนโดย่านสาทร กรุงเทพฯ ตามแนวรถไฟฟ้า BTS MRT,https://www.facebook.com/groups/570276373309601,silom,"rent,sale,condo",,
(20+) กลุ่มคอนโดฝั่งธนบุรี ใกล้ BTS MRT ท่าพระ ตลาดพลู เพชรเกษม บางแค จรัญฯ,https://www.facebook.com/groups/3397058930622540,thonburi,condo,,
(20+) กลุ่มคอนโดให้เช่าและขาย ถนนสุขุมวิท พร้อมพงษ์ ทองหล่อ เอกมัย พระราม 9,https://www.facebook.com/groups/6368860906522731,"rama9,thonglor,ekamai,sukhumvit","rent,sale,condo",,
(20+) กลุ่มซื้อ ขาย เช่า บ้าน คอนโด ที่ดิน ทั่วไทย,https://www.facebook.com/groups/2277438709138306,,"rent,sale,condo,house",,
(20+) กลุ่มซื้อขาย - ให้เช่าคอนโดเท่านั้น,https://www.facebook.com/groups/1996508467234865,,"rent,sale,condo",,
(20+) กลุ่มซื้อขายและปล่อยเช่า คอนโด เขต พญาไท ราชเทวี จตุจักร บางซื่อ,https://www.facebook.com/groups/775596160726360,phayathai,"rent,sale,condo",,
(20+) ขาย - เช่า คอนโด โซน พระรามเก้า รัชดา ห้วยขวาง สุขุมวิท พร้อมพงษ์ ทองหล่อ,https://www.facebook.com/groups/1666070283868037,"thonglor,huaikhwang,ratchada,sukhumvit","rent,sale,condo",,
(20+) ขาย เช่า คอนโด กรุงเทพ โซน SCG สถานีกลางบางซื่อ MRT-บางซ่อน MRT-วงศ์สว่าง,https://www.facebook.com/groups/201506827113877,bangkok,"rent,sale,condo",,
(20+) ขาย เช่า คอนโด กรุงเทพ โซนบางนา อุดมสุข,https://www.facebook.com/groups/2064854547122015,bangna,"rent,sale,condo",,
(20+) ขาย เช่า คอนโด กรุงเทพ โซนลาดพร้าว จตุจักร,https://www.facebook.com/groups/183447625625227,ladprao,"rent,sale,condo",,
(20+) ขาย เช่า คอนโด กรุงเทพ โซนสยาม สีลม พญาไท อนุสาวรีย์,https://www.facebook.com/groups/360924021072344,"silom,phayathai","rent,sale,condo",,
(20+) ขาย เช่า คอนโด กรุงเทพ โซนสาทร ธนบุรี,https://www.facebook.com/groups/2090098571226788,"silom,thonburi","rent,sale,condo",,
(20+) ขาย เช่า คอนโด กรุงเทพ โซนอโศก พระรามเก้า เพรชบุรี,https://www.facebook.com/groups/2001941260072025,asoke,"rent,sale,condo",,
(20+) ขาย เช่า คอนโด กรุงเทพ โซนอ่อนนุช พระโขนง บางจาก,https://www.facebook.com/groups/423361974778083,onnut,"rent,sale,condo",,
(20+) ขาย เช่า คอนโด กรุงเทพ โซนเอกมัย ทองหล่อ รามคำแหง พัฒนาการ,https://www.facebook.com/groups/351409118682733,"thonglor,ekamai,ramkhamhaeng","rent,sale,condo",,
(20+) ขาย เช่า คอนโด บ้าน ที่ดิน ทั่วประเทศ,https://www.facebook.com/groups/971888629619654,,"rent,sale,condo,house",,
(20+) ขาย เช่า คอนโด รัชดา สุทธิสาร ห้วยขวาง พระราม 9,https://www.facebook.com/groups/3702309799798295,"rama9,huaikhwang,ratchada","rent,sale,condo",,
(20+) ขาย เช่า คอนโด ใกล้BTS จตุจักร ลาดพร้าว รัชโยธิน เกษตร บางเขน สะพานใหม่,https://www.facebook.com/groups/3972522996099940,ladprao,"rent,sale,condo",,
(20+) ขาย เช่า คอนโด ใกล้รถไฟฟ้า กรุงเทพ ลาดพร้าว รัชดา พระราม 9,https://www.facebook.com/groups/764362294733798,"ladprao,rama9,ratchada","rent,sale,condo",,
(20+) ขาย ให้เช่า คอนโด ห้องพัก บ้าน โซนสุขุมวิท พระโขนง อ่อนนุช บางนา,https://www.facebook.com/groups/3710913192351235,"onnut,sukhumvit,bangna","rent,sale,condo,house",,
(20+) ขาย-เช่า #บ้านหรูบางนา พัฒนาการ กรุงเทพกรีฑา รามอินทรา และพื้นที่ใกล้เคียง,https://www.facebook.com/groups/885692499381909,bangna,"rent,sale,house",,
(20+) ขาย-เช่า คอนโด BTS อารีย์ สะพานควาย จตุจักร ห้าแยกลาดพร้าว,https://www.facebook.com/groups/759662278347282,"ladprao,phayathai","rent,sale,condo",,
(20+) ขาย-เช่า บ้าน คอนโด นวมินทร์ ลาดพร้าว รามอินทรา รามคำแหง,https://www.facebook.com/groups/841959233498782,"ladprao,ramkhamhaeng","rent,sale,condo,house",,
(20+) ขาย-เช่าออฟฟิศ สำนักงาน โฮมออฟฟิศ กรุงเทพและปริมณฑล Sales & Rent office,https://www.facebook.com/groups/486508876679411,bangkok,"rent,sale,office",,
(20+) ขาย/ซื้อ/เช่า คอนโดย่าน BTS อุดมสุข ปุณณวิถี บางจาก อ่อนนุช เท่านั้น,https://www.facebook.com/groups/1954106731643341,"onnut,bangna","rent,sale,condo",,
"(20+) ขาย/เช่า บ้าน อ่อนนุช,พระโขนง,สวนหลวง,ประเวศ,บางจาก,พระโขนง,สมุทรปราการ",https://www.facebook.com/groups/1092573465375306,onnut,"rent,sale,house",,
(20+) ขายคอนโด เช่า ซื้อ,https://www.facebook.com/groups/2142662289316227,,"rent,sale,condo",,
(20+) ขายเช่า บ้านคอนโด จรัญสนิทวงศ์ ตลิ่งชั่น ท่าพระ บางแค ปิ่นเกล้า,https://www.facebook.com/groups/636391668545600,,"rent,sale,condo,house",,
"(20+) ขายเช่า บ้านคอนโด เจริญกรุง เจริญนคร พระราม3,4 สาทร สีลม ตากสิน บางรัก",https://www.facebook.com/groups/887643139838861,"silom,thonburi","rent,sale,condo,house",,
(20+) คอนโด กรุงธนบุรี วงเวียนใหญ่ โพธิ์นิมิตร ตลาดพลู วุฒากาศ บางหว้า ท่าพระ,https://www.facebook.com/groups/474095045035690,thonburi,condo,,
(20+) คอนโด กรุงเทพฯ และปริมณฑล ซื้อ-ขาย-เช่า,https://www.facebook.com/groups/760802348204680,bangkok,"rent,sale,condo",,
(20+) คอนโด จตุจักร หมอชิต ห้าแยกลาดพร้าว สะพานควาย อารีย์ พหลโยธิน อนุสาวรีย์,https://www.facebook.com/groups/973772067365917,"ladprao,phayathai",condo,,
(20+) คอนโด ชิดลม เพลินจิต นานา อโศก พร้อมพงษ์ ทองหล่อ เอกมัย พระโขนง อ่อนนุช,https://www.facebook.com/groups/3655328801449912,"asoke,thonglor,ekamai,onnut,silom",condo,,
(20+) คอนโด ซื้อ ขาย เช่า,https://www.facebook.com/groups/1882723421791849,,"rent,sale,condo",,
(20+) คอนโด บางจาก ปุณวิถี อุดมสุข บางนา แบริ่ง สำโรง,https://www.facebook.com/groups/2949518398684164,bangna,condo,,
(20+) คอนโด บ้าน ขาย-เช่า โซน บางนา สำโรง ปู่เจ้า ช้างเอราวัณ,https://www.facebook.com/groups/238980064660836,bangna,"rent,sale,condo,house",,
(20+) คอนโด บ้าน ปล่อยเช่าย่าน บางนา บางจาก อ่อนนุช อุดมสุข ใกล้bts mrt,https://www.facebook.com/groups/1434693950477853,"onnut,bangna","rent,condo,house",,
(20+) คอนโด บ้าน ย่านสุขุมวิท ซื้อ ขาย เช่า,https://www.facebook.com/groups/1260774814082489,sukhumvit,"rent,sale,condo,house",,
(20+) คอนโด บ้าน อสังหาประเทศไทย ซื้อ/ขาย/เช่า,https://www.facebook.com/groups/349519210778267,,"rent,sale,condo,house",,
(20+) คอนโด บ้าน เช่า ขาย ปล่อยเช่าย่านรามคำแหง บางกะปิ ลาดพร้าว พระราม 9 รัชดา,https://www.facebook.com/groups/1084717058362313,"ladprao,rama9,ratchada,ramkhamhaeng","rent,sale,condo,house",,
(20+) คอนโด บ้าน ให้เช่า ขาย ใกล้รถไฟฟ้า BTS MRT,https://www.facebook.com/groups/563748305572769,,"rent,sale,condo,house",,
(20+) คอนโด พระราม 9 ห้วยขวาง รัชดาภิเษก สุทธิสาร ศูนย์วัฒนธรรม ลาดพร้าว เพชรบุรี,https://www.facebook.com/groups/1345220926256266,"ladprao,rama9,huaikhwang,ratchada",condo,,
(20+) คอนโด พระโขนง อ่อนนุช บางจาก แบริ่ง สำโรง,https://www.facebook.com/groups/332798611835777,"onnut,bangna",condo,,
(20+) คอนโด พร้อมพงษ์ ทองหล่อ เอกมัย พระโขนง อ่อนนุช,https://www.facebook.com/groups/766632061317895,"thonglor,ekamai,onnut",condo,,
"(20+) คอนโด รัชดา พระราม9 อโศก สุขุมวิท MRT, BTS / Bangkok Condo",https://www.facebook.com/groups/476946341786094,"rama9,asoke,ratchada,sukhumvit",condo,,
(20+) คอนโด รัชดา ลาดพร้าว อ่อนนุช สุขุมวิท บางนา ใกล้เคียง,https://www.facebook.com/groups/173230473376662,"ladprao,onnut,ratchada,sukhumvit,bangna",condo,,
(20+) คอนโด สยาม ชิดลม เพลินจิต นานา อโศก,https://www.facebook.com/groups/1107182510216204,"asoke,silom",condo,,
(20+) คอนโด สาทร ช่องนนทรี เจริญกรุง สีลม ถนนจันทร์ พระราม 3 นราธิวาส เซนต์หลุยส์,https://www.facebook.com/groups/3557143704534567,silom,condo,,
(20+) คอนโด ห้วยขวาง รัชดาภิเษก สุทธิสาร ศูนย์วัฒนธรรม ลาดพร้าว เพชรบุรี พระราม 9,https://www.facebook.com/groups/2555641084645629,"ladprao,rama9,huaikhwang,ratchada",condo,,
(20+) คอนโด ห้องพัก เช่า ขาย สาทร สีลม - บางหว้า,https://www.facebook.com/groups/691988518250398,silom,"rent,sale,condo",,
(20+) คอนโด ห้องเช่า ที่พัก บ้านเช่า เช่า - ขาย กรุงเทพ กทม Bangkok,https://www.facebook.com/groups/1508927629253734,bangkok,"rent,sale,condo,house",,
(20+) คอนโด ห้าแยกลาดพร้าว พหลโยธิน รัชโยธิน เสนานิคม เกษตร ศรีปทุมบางบัว สายหยุด,https://www.facebook.com/groups/389993647364568,ladprao,condo,,
(20+) คอนโด เช่า ซื้อ ขาย ใกล้ ม.ศรีปทุม ม.เกษตร ราคาไม่แพง,https://www.facebook.com/groups/646153703600171,,"rent,sale,condo",,
(20+) คอนโด เอกมัย พระโขนง อ่อนนุช บางจาก บางนา แบริ่ง สำโรง ปากน้ำ,https://www.facebook.com/groups/237493983301104,"ekamai,onnut,bangna",condo,,
(20+) คอนโดกรุงเทพ โซน MRT เตาปูน บางโพ บางซ่อน วงศ์สว่าง ติวานนท์ buy/sell/rent,https://www.facebook.com/groups/731296317606415,bangkok,"rent,condo",,
(20+) คอนโดขาย ให้เช่าสุขุมวิทอ่อนนุช บางจาก อุดมสุข บางนา แบริ่ง สำโรง ปากน้ำ,https://www.facebook.com/groups/462178087311398,"onnut,sukhumvit,bangna","rent,sale,condo",,
(20+) คอนโดติดBTS MRT โซนเกษตร รัชโยธิน พระราม9 ห้วยขวาง,https://www.facebook.com/groups/226681229770730,"rama9,huaikhwang",condo,,
(20+) คอนโดบางนา แบริ่ง ลาซาล สำโรง เทพารักษ์ สมุทรปราการ,https://www.facebook.com/groups/405568155284957,bangna,condo,,
(20+) คอนโดปล่อยเช่า,https://www.facebook.com/groups/843691213564852,,"rent,condo",,
(20+) คอนโดปล่อยเช่า พระราม 9 / ห้วยขวาง / รัชดา รับ CO-Agent By ASK-Asset,https://www.facebook.com/groups/692217018143534,"rama9,huaikhwang,ratchada","rent,condo",,
(20+) คอนโดปล่อยเช่า พระราม9 อโศก ดินแดง รัชดา มักกะสัน Rooms For Rent Bangkok,https://www.facebook.com/groups/1286913692068792,"rama9,asoke,ratchada","rent,condo",,
(20+) คอนโดปล่อยเช่า หาคอนโด BTS MRT ฝั่งธน บางหว้า วุฒากาศ บางแค ท่าพระ เพชรเกษม,https://www.facebook.com/groups/1500567277373568,,"rent,condo",,
(20+) คอนโดปล่อยเช่า เอกมัย อ่อนนุช พระโขนง บางนา กรุงเทพ Prime Estate,https://www.facebook.com/groups/797652371325014,"ekamai,onnut,bangna","rent,condo",,
(20+) คอนโดฝั่งธนบุรี วงเวียนใหญ่ ท่าพระ ตลาดพลู เพชรเกษม บางแค ใกล้ BTS MRT,https://www.facebook.com/groups/3765008063548871,thonburi,condo,,
(20+) คอนโดพระโขนง เอกมัย อ่อนนุช ปุณวิถี บางจาก อุดมสุข บางนา ลาซาล แบริ่ง สำโรง,https://www.facebook.com/groups/1679077569169261,"ekamai,onnut,bangna",condo,,
(20+) คอนโดย่าน RCA อโศก เพชรบุรี พระราม9 รัชดา ห้วยขวาง,https://www.facebook.com/groups/1885651265229283,"rama9,asoke,huaikhwang,ratchada",condo,,
(20+) คอนโดอ่อนนุช พระโขนง บางจาก ปุณวิถี อุดมสุข บางนา ลาซาล แบริ่ง สำโรง เอกมัย,https://www.facebook.com/groups/790081599955387,"ekamai,onnut,bangna",condo,,
(20+) คอนโดเช่าโซน อนุสาวรีย์ พญาไท สยาม สีลม พระราม4 อโศก เอกมัย,https://www.facebook.com/groups/1079060329850312,"asoke,ekamai,silom,phayathai","rent,condo",,
(20+) คอนโดแถวเกษตร ศรีปทุม รัชโยธิน ลาดพร้าว สะพานใหม่ คูคต,https://www.facebook.com/groups/931917668680808,ladprao,condo,,
(20+) คอนโดและอสังหาฯแนวรถไฟฟ้า (ซื้อ ขาย เช่า),https://www.facebook.com/groups/163326257495081,,"rent,sale,condo",,
(20+) คอนโดใกล้ เกษตร รัชโยธิน เสนานิคม วังหิน รัชวิภา บางเขน สะพานใหม่ BY CondoP,https://www.facebook.com/groups/184075664642325,,condo,,
(20+) คอนโดใกล้ เกษตร ศรีปทุม สะพานใหม่ รัชโยธิน ลาดพร้าว ราคาถูกV.1,https://www.facebook.com/groups/1016064993210612,ladprao,condo,,
(20+) คอนโดใกล้รถไฟฟ้า (Condo in BTS/MRT zone)​,https://www.facebook.com/groups/1038977796533556,,condo,,
(20+) คอนโดให้เช่า One9Five Asoke-Rama9 เช่าคอนโดพระราม9-อโศก (ติด Mrt รถไฟฟ้า),https://www.facebook.com/groups/196479956793106,"rama9,asoke","rent,condo",,
(20+) คอนโดให้เช่า ทองหล่อ,https://www.facebook.com/groups/1466979060382436,thonglor,"rent,condo",,
(20+) คอนโดให้เช่า บางนา,https://www.facebook.com/groups/2934705793512328,bangna,"rent,condo",,
(20+) คอนโดให้เช่า บ้านเช่า รามอินทรา นวมินทร์ ลาดพร้าว มีนบุรี,https://www.facebook.com/groups/1781082028899196,ladprao,"rent,condo,house",,
(20+) คอนโดให้เช่า พระราม 9,https://www.facebook.com/groups/854552138588498,rama9,"rent,condo",,
(20+) คอนโดให้เช่า รามอินทรา,https://www.facebook.com/groups/880452875999582,,"rent,condo",,
(20+) คอนโดให้เช่า สุขุมวิท,https://www.facebook.com/groups/529020221621517,sukhumvit,"rent,condo",,
(20+) คอนโดให้เช่า อ่อนนุช,https://www.facebook.com/groups/1613933658799899,onnut,"rent,condo",,
(20+) คอนโดให้เช่า/ขาย ใกล้BTS/MRTกรุงเทพ-ปริมณฑล,https://www.facebook.com/groups/1369465206534724,bangkok,"rent,sale,condo",,
(20+) คอนโดให้เช่าฝั่งธน ใกล้ BTS MRT บางแค บางหว้า ตลาดพลู วุฒากาศ วงเวียนใหญ่,https://www.facebook.com/groups/388594476619201,,"rent,condo",,
(20+) คอนโดให้เช่าสุขุมวิท อ่อนนุช พระโขนง บางจาก ปุณณวิถี อุดมสุข,https://www.facebook.com/groups/1192821072057945,"onnut,sukhumvit,bangna","rent,condo",,
(20+) คอนโดให้เช่าใกล้ Bts Mrt,https://www.facebook.com/groups/817310586032893,,"rent,condo",,
(20+) คอนโดให้เช่าใกล้จุฬา สามย่าน ราชเทวี พญาไท,https://www.facebook.com/groups/874685616710008,phayathai,"rent,condo",,
(20+) ซื้อ ขาย คอนโดให้เช่า ประกาศขายคอนโด คอนโดมือสอง ใกล้รถไฟฟ้าbts mrt,https://www.facebook.com/groups/1220390754677911,,"rent,sale,condo",,
(20+) ซื้อ ขาย ปล่อยเช่า บ้าน กรุงเทพและปริมณฑล เท่านั้น,https://www.facebook.com/groups/2116119028696464,bangkok,"rent,sale,house",,
"(20+) ซื้อ ขาย เช่า / คอนโด,บ้าน (กรุงเทพมหานคร)",https://www.facebook.com/groups/691539337669985,bangkok,"rent,sale,condo,house",,
(20+) ซื้อ ขาย เช่า คอนโด BTS อ่อนนุช [ ONNUT CONDO ],https://www.facebook.com/groups/1041678552942187,onnut,"rent,sale,condo",,
(20+) ซื้อ ขาย เช่า คอนโด กรุงเทพและปริมณฑล,https://www.facebook.com/groups/211520586207563,bangkok,"rent,sale,condo",,
(20+) ซื้อ ขาย เช่า คอนโด ทาวน์เฮ้าส์ มือสอง บางจาก อุดมสุข บางนา ลาซาล สำโรง,https://www.facebook.com/groups/183707662357525,bangna,"rent,sale,condo,house",,
(20+) ซื้อ ขาย เช่า คอนโด บ้านเช่า ทั่วไทย,https://www.facebook.com/groups/1452723328280933,,"rent,sale,condo,house",,
(20+) ซื้อ ขาย เช่า คอนโดย่าน พระราม 9 RCA อโศก-เพชรบุรี ดินแดง เพชรบุรีตัดใหม่,https://www.facebook.com/groups/422956238991402,"rama9,asoke","rent,sale,condo",,
(20+) ซื้อ ขาย เช่า คอนโดย่าน ลาดพร้าว รัชดา จตุจักร หัวหมาก,https://www.facebook.com/groups/606170270272930,"ladprao,ratchada","rent,sale,condo",,
(20+) ซื้อ ขาย เช่า เซ้ง ที่ดิน บ้าน คอนโด กรุงเทพ,https://www.facebook.com/groups/1012224895507529,bangkok,"rent,sale,condo,house",,
(20+) ซื้อ ขาย ให้เช่า คอนโด กรุงเทพ bts mrt owner,https://www.facebook.com/groups/1198971403601626,bangkok,"rent,sale,condo",,
(20+) ซื้อ ขาย ให้เช่า บ้านหรู คฤหาสน์ ที่ดิน ทาวน์โฮม บ้านเดี่ยว ลงฟรี ไม่จำกัดโ,https://www.facebook.com/groups/1176016043112019,,"rent,sale,house",,
(20+) ซื้อ-ขาย-เช่า คอนโด บ้าน ที่ดิน อสังหาริมทรัพย์ทั่วโลก,https://www.facebook.com/groups/1672821179658958,,"rent,sale,condo,house",,
(20+) ซื้อ-ขาย-เช่า บ้าน/คอนโด/ที่ดิน/อสังหาริมทรัพย์ กรุงเทพ-ปริมณฑล,https://www.facebook.com/groups/1046166565393882,bangkok,"rent,sale,condo,house",,
(20+) ซื้อ-ขาย-ให้เช่า บ้าน คอนโด อสังหาริมทรัพย์ กรุงเทพและปริมณฑล,https://www.facebook.com/groups/1441937012540569,bangkok,"rent,sale,condo,house",,
(20+) ซื้อขาย ปล่อยเช่า เดอะทรี สุขุมวิท71 เอกมัย The Tree Sukhumvit 71 Ekkamai,https://www.facebook.com/groups/2420047794967331,"ekamai,sukhumvit","rent,sale",,
(20+) ซื้อขาย เช่า บ้าน คอนโด สมุทรปราการ บางนา อ่อนนุช ลาซาล ลาดกระบัง บางพลี,https://www.facebook.com/groups/690618905452659,"onnut,bangna","rent,sale,condo,house",,
(20+) ซื้อขาย เช่า บ้าน คอนโด สวนหลวง พัฒนาการ ศรีนครินทร์ อ่อนนุช รามคำแหง,https://www.facebook.com/groups/1108531659756743,"onnut,ramkhamhaeng","rent,sale,condo,house",,
(20+) ซื้อขาย เช่า บ้าน คอนโด สีลม หลังสวน อโศก ทองหล่อ สุขุมวิท จามจุรี เท่านั้น,https://www.facebook.com/groups/476999805696703,"asoke,thonglor,sukhumvit,silom","rent,sale,condo,house",,
(20+) ซื้อขาย เช่า บ้าน คอนโด อสังหาริมทรัพย์ กรุงเทพและปริมณฑล,https://www.facebook.com/groups/1057164620966765,bangkok,"rent,sale,condo,house",,
(20+) ซื้อขาย เช่า บ้าน คอนโด และอสังหาริมทรัพย์ กรุงเทพและปริมณทล จากเจ้าของจริง,https://www.facebook.com/groups/1106662582772063,bangkok,"rent,sale,condo,house",,
(20+) ซื้อขายการ์ด Onepiece โปเกม่อน Naruto วันพีซ ตู้ญี่ปุ่น Vintage ตลาดcardass,https://www.facebook.com/groups/1626040321016300,,sale,,
(20+) ซื้อขายให้เช่า XT Ekkamai เอ็กซ์ที เอกมัย,https://www.facebook.com/groups/704280467172081,ekamai,"rent,sale",,
(20+) ซื้อขายให้เช่า บ้าน คอนโด ที่ดิน จรัญฯ-ท่าพระ-บางแค-เพชรเกษม-ปิ่นเกล้า,https://www.facebook.com/groups/562118300876829,,"rent,sale,condo,house",,
(20+) ตลาดคอนโดเลี้ยงสัตว์ได้ & บ้าน Pet Friendly (ซื้อ-เช่า-ขาย),https://www.facebook.com/groups/728363377957499,,"rent,sale,condo,house",,
(20+) ตลาดซื้อขาย-เช่า คอนโด ในกรุงเทพ ( Condo in Bangkok ),https://www.facebook.com/groups/1381495712630529,bangkok,"rent,sale,condo",,
(20+) ตามหาคอนโด แหล่งรวมคอนโดในกรุงเทพและปริมณฑล,https://www.facebook.com/groups/4995208047220385,bangkok,condo,,
(20+) บ้าน ขาย ให้เช่า ย่านรามคำแหง ลาดพร้าว กรุงเทพกรีฑา ร่มเกล้า,https://www.facebook.com/groups/992039201304958,"ladprao,ramkhamhaeng","rent,sale,house",,
(20+) บ้านเช่า กรุงเทพฯ ปริมณฑล บางนา อ่อนนุช ลาดกระบัง,https://www.facebook.com/groups/1553575081846702,"onnut,bangna","rent,house",,
(20+) บ้านเช่า ทาวโฮม คอนโด ให้เช่า บางนา ลาซาล แบริ่ง สำโรง สมุทรปราการ,https://www.facebook.com/groups/338669103755058,bangna,"rent,condo,house",,
(20+) บ้านเช่า รามคำแหง ทองหล่อ สุขุมวิท เอกมัย พระราม 9 ห้วยขวาง รัชดา,https://www.facebook.com/groups/1151744829207333,"rama9,thonglor,ekamai,huaikhwang,ratchada,sukhumvit,ramkhamhaeng","rent,house",,
(20+) บ้านเช่า/ขายบ้าน ลาดกระบัง กิ่งแก้ว ประเวศ สวนหลวง บางนา บางพลี บางเสาธง,https://www.facebook.com/groups/461117364284694,bangna,"rent,sale,house",,
(20+) บ้านเช่ากรุงเทพ,https://www.facebook.com/groups/189372167936070,bangkok,"rent,house",,
(20+) บ้านเช่าที่พัก หลักสี่ ดอนเมือง บางเขน จตุจักร รามอินทรา แจ้งวัฒนะ,https://www.facebook.com/groups/1838517169922397,,"rent,house",,
(20+) บ้านเช่าลาดพร้าว รามอินทรา มีนบุรี รามคำแหง เสรีไทย สายไหม พัฒนาการ,https://www.facebook.com/groups/463072279522652,"ladprao,ramkhamhaeng","rent,house",,
(20+) บ้านเช่าลาดพร้าว ออฟฟิศให้เช่า ห้องเช่าลาดพร้าว โชคชัย 4 กรุงเทพ,https://www.facebook.com/groups/3303273006567446,ladprao,"rent,house,office",,
(20+) บ้านเช่าโซน รัชดา ห้วยขวาง อินทามระ สุทธิสาร พระรามเก้า รามคำแหง,https://www.facebook.com/groups/645732177754931,"huaikhwang,ratchada,ramkhamhaeng","rent,house",,
(20+) บ้านเช่าโซน สุขุมวิท พัฒนาการ บางนา อ่อนนุช ศรีนครินทร์ อุดมสุข สำโรง,https://www.facebook.com/groups/2234744070053568,"onnut,sukhumvit,bangna","rent,house",,
(20+) บ้าน​ คอนโด​ ขาย​-เช่า​ สุขุมวิท​ อ่อนนุช​ พระโขนง​ บางนา​ สมุทรปราการ​,https://www.facebook.com/groups/916608056439531,"onnut,sukhumvit,bangna","rent,sale,condo,house",,
(20+) ประกาศ คอนโด บ้าน ทาวน์โฮม ทาวน์เฮ้าส์ ให้เช่า หรือ ขาย ทั่วไทยฟรี,https://www.facebook.com/groups/2295227217356985,,"rent,sale,condo,house",,
(20+) ปล่อยเช่าคอนโด ใกล้รถไฟฟ้า MRT BTS,https://www.facebook.com/groups/296382808693667,,"rent,condo",,
(20+) ปล่อยเช่าคอนโดติดรถไฟฟ้าทั่วกรุงเทพMRTและBTS,https://www.facebook.com/groups/611183903869589,bangkok,"rent,condo",,
(20+) ปล่อยเช่าคอนโดใกล้ บีทีเอส สายสีเขียว สะพานใหม่ N20 ถึง ห้าแยกลาดพร้าว N9,https://www.facebook.com/groups/366697771612507,ladprao,"rent,condo",,
(20+) รวมบ้านขาย-เช่าโซนบางนา สมุทรปราการ (สำหรับเจ้าของ),https://www.facebook.com/groups/485019775925280,bangna,"rent,sale,house",,
(20+) รวมประกาศ ขาย ให้เช่า คอนโด บ้าน ย่านอ่อนนุช อุดมสุข พระโขนง บางนา,https://www.facebook.com/groups/528024112872396,"onnut,bangna","rent,sale,condo,house",,
(20+) รวมห้องพักจุฬา คอนโด Ideo Q chula & Ashton chula,https://www.facebook.com/groups/322846926564314,,condo,,
(20+) สำนักงาน/โฮมออฟฟิศ ให้เช่าและขาย,https://www.facebook.com/groups/852533378738315,,"rent,sale,office",,
(20+) สำนักงานให้เช่า ออฟฟิศให้เช่า OFFICE FOR RENT ขายอาคารสำนักงาน,https://www.facebook.com/groups/377795137898493,,"rent,sale,office",,
(20+) หอพัก - คอนโด ซื้อขาย และ ให้เช่าใกล้ BTS MRTทั่วกรุงเทพและปริมณฑล,https://www.facebook.com/groups/617316555128009,bangkok,"rent,sale,condo",,
(20+) หอพัก อพาร์ทเม้นท์ ห้วยขวาง รัชดา สุทธิสาร พระราม 9,https://www.facebook.com/groups/178458571165753,"rama9,huaikhwang,ratchada",,,
(20+) หอพัก/คอนโด อโศก พร้อมพงษ์ พระโขนง บางจาก ปุณณวิถี อุดมสุข บางนา,https://www.facebook.com/groups/1303483613683217,"asoke,bangna",condo,,
(20+) หาคอนโดเช่า-ขาย ห้วยขวาง รัชดา ลาดพร้าว พระราม 9 ดินแดง,https://www.facebook.com/groups/914277069917114,"ladprao,rama9,huaikhwang,ratchada","rent,sale,condo",,
(20+) หาคอนโดให้เช่า สะพานใหม่ เกษตร หลักสี่ ดอนเมือง บางเขน รัชโยธิน ติด Bts,https://www.facebook.com/groups/3286381871678927,,"rent,condo",,
(20+) หาห้องเช่า หอพัก คอนโด บ้านเช่า หาที่พัก กรุงเทพทั่วไทย,https://www.facebook.com/groups/858314684333611,bangkok,"rent,condo,house",,
(20+) หาเช่า ซื้อ ขายบ้านและคอนโดย่านอ่อนนุช พัฒนาการ ศรีนครินทร์ ลาดกระบัง บางนา,https://www.facebook.com/groups/480654821050794,"onnut,bangna","rent,sale,condo,house",,
(20+) หาเช่าคอนโด บางกะปิ เสรีไทย รามคำแหง มีนบุรี ศรีนครินทร์,https://www.facebook.com/groups/698348860535511,ramkhamhaeng,"rent,condo",,
(20+) หาเช่าคอนโด หอพัก คูคต ศรีปทุม เกษตร เสนานิคม รัชโยธิน ห้าแยกลาดพร้าว,https://www.facebook.com/groups/1456118635110344,ladprao,"rent,condo",,
(20+) หาเช่าคอนโด หอพัก ลาดพร้าว รัชดา ห้วยขวาง พระราม9 เพชรบุรี มศว อโศก ทองหล่อ,https://www.facebook.com/groups/1185502555830870,"ladprao,rama9,asoke,thonglor,huaikhwang,ratchada","rent,condo",,
(20+) หาเช่าคอนโดติดBts โซนบางนา แบริ่ง อ่อนนุช อุดมสุข ปุณวิถี,https://www.facebook.com/groups/228301002893473,"onnut,bangna","rent,condo",,
(20+) ห้องพัก หอพัก คอนโด ห้องเช่า ที่พัก บ้านเช่า กรุงเทพ กทม Bangkok,https://www.facebook.com/groups/327493124646350,bangkok,"rent,condo,house",,
"(20+) ห้องเช่า คอนโดเช่า ราคาถูก เสมาฟ้าคราม,คูคต,ลำลูกกา,รังสิต ปทุมธานี",https://www.facebook.com/groups/787497145495920,,"rent,condo",,
(20+) ห้องเช่าบ้านเช่ากรุงเทพฯ ปริมณฑล-Rooms For Rent Bangkok Metropolitan Region,https://www.facebook.com/groups/553762441489760,bangkok,"rent,house",,
(20+) ออฟฟิศให้เช่า อาคารสำนักงาน ร้าน ทาวน์โฮม ทาวน์เฮ้าส์ บ้านเช่า ขายบ้าน,https://www.facebook.com/groups/624925356163907,,"rent,sale,house,office",,
(20+) เจ้าของบ้านหรู คอนโดหรู Owner House Condo Luxury,https://www.facebook.com/groups/670340270367352,,"condo,house",,
(20+) เช่า ขาย คอนโด ติดรถไฟฟ้า BTS MRT,https://www.facebook.com/groups/407106743388516,,"rent,sale,condo",,
(20+) เช่า ขาย บ้าน คอนโดในกรุงเทพ ปริมณฑล ใกล้ BTS MRT / condo for rent sell,https://www.facebook.com/groups/320475587146673,bangkok,"rent,sale,condo,house",,
(20+) เช่า ซื้อขาย คอนโด อพาร์ทเม้นท์ หอพัก ใกล้รถไฟฟ้า BTS MRT ใน กรุงเทพ ฯ,https://www.facebook.com/groups/2305525572859033,bangkok,"rent,sale,condo",,
(20+) เช่า-ขาย คอนโดย่านสาทร สามย่าน ฝั่งธน และพระราม3,https://www.facebook.com/groups/1231854997282175,silom,"rent,sale,condo",,
(20+) เช่า-ขาย บ้าน ตึกแถว สาทร จันทร์ พระราม3 พระราม4,https://www.facebook.com/groups/2008486542722047,silom,"rent,sale,house",,
"(20+) เช่า-ขาย บ้าน อาคาร โซนลาดกระบัง,อ่อนนุช,พัฒนาการ,บางนา",https://www.facebook.com/groups/235562861511614,"onnut,bangna","rent,sale,house",,
(20+) เช่า-ซื้อขาย คอนโดย่านบางเขน ใกล้ม.เกษตร ม.ศรีปทุม ม.ราชภัฏพระนคร V.2,https://www.facebook.com/groups/501881995128753,,"rent,sale,condo",,
(20+) เช่า/ขาย คอนโด รามคำแหง แยกลำสาลี บางกะปิ ลาดพร้าว คลองจั่น,https://www.facebook.com/groups/5406748286107887,"ladprao,ramkhamhaeng","rent,sale,condo",,
(20+) เช่าคอนโดแจ้งวัฒนะโซนปากเกร็ด-นนทบุรี-เมืองทอง-ศูนย์ราชการแจ้ง,https://www.facebook.com/groups/5549998945115301,,"rent,condo",,
(20+) เช่าบ้าน /ขายบ้าน สุวรรณภูมิ บางนา ลาดกระบัง กิ่งแก้ว มีนบุรี รามคำแหง,https://www.facebook.com/groups/1229905360517881,"ramkhamhaeng,bangna","rent,sale,house",,
(20+) เช่าออฟฟิศ สำนักงาน - Office for Rent / ขายตึกสำนักงาน - Office for Sale,https://www.facebook.com/groups/1008593616496849,,"rent,sale,office",,
(20+) แหล่งคอนโดย่าน ทองหล่อ เอกมัย พร้อมพงษ์ สุขุมวิท อโศก พระโขนง พระราม4,https://www.facebook.com/groups/1094930515399990,"asoke,thonglor,ekamai,sukhumvit",condo,,
(20+) แหล่งคอนโดย่าน พระราม9 รัชดา ห้วยขวาง สุทธิสาร ลาดพร้าว จตุจักร MRT BTS,https://www.facebook.com/groups/536705354589690,"ladprao,rama9,huaikhwang,ratchada",condo,,
(20+) แหล่งคอนโดย่าน พหลโยธิน ลาดพร้าว จตุจักร รัชโยธิน เสนานิคม เกษตร ม.ศรีปทุม,https://www.facebook.com/groups/2798542033610328,ladprao,condo,,
(20+) แหล่งซื้อ - ขาย - ปล่อยเช่า บ้าน คอนโด ตามแนวรถไฟฟ้า MRT - BTS,https://www.facebook.com/groups/1636126916415833,,"rent,sale,condo,house",,
(20+) แหล่งรวม บ้าน คอนโด บางนา ศรีนครินทร์ อ่อนนุช พัฒนาการ ให้เช่า ขาย,https://www.facebook.com/groups/163148055517351,"onnut,bangna","rent,sale,condo,house",,
(20+) แหล่งรวมซื้อ ขาย ปล่อยเช่า บ้านและคอนโด,https://www.facebook.com/groups/2378803682335145,,"rent,sale,condo,house",,
(20+) โกดัง ให้เช่า อาคารพานิชย์ โฮมออฟฟิศ ทาวน์เฮ้าส์ ทาวน์โฮม ในกรุงเทพฯ,https://www.facebook.com/groups/570653071756887,bangkok,"rent,house,office",,
(20+) ให้เช่า สำนักงาน ออฟฟิศ ในกรุงเทพ Office Space / CO-Working for Rent in BKK,https://www.facebook.com/groups/1208072453168824,bangkok,"rent,office",,
(20+) ให้เช่าคอนโด บางนา เมกะ อิเกีย ศรีนครินทร์ กิ่งแก้ว สุวรรณภูมิ,https://www.facebook.com/groups/152666115270963,bangna,"rent,condo",,
(20+) 🏡 บ้านว่างให้เช่า ซื้อ-ขาย คอนโดเช่า บ้านเช่า กรุงเทพ และปริมณฑล,https://www.facebook.com/groups/808407419779991,bangkok,"rent,sale,condo,house",,
"(Owner Post only) เฉพาะเจ้าของลงประกาศให้เช่า,ขาย อสังหาริมทรัพย์เท่านั้น",https://www.facebook.com/groups/917568749232826,,"rent,sale,owner_only",,
28 Chidlom Condominium for rent/sale-คอนโด 28 ชิดลม เช่า/ขาย/ซื้อ,https://www.facebook.com/groups/525133855704010,silom,"rent,sale,condo",,
[Buy • Rent • Sell] Aspire Onnut Station / แอสปาย อ่อนนุช สเตชั่น,https://www.facebook.com/groups/1130597171160820,onnut,rent,,
A Space Sukhumvit 77 เอ สเปซ สุขุมวิท 77 คอนโดให้เช่า,https://www.facebook.com/groups/521233282529620,sukhumvit,"rent,condo",,
ANIL Sathorn 12 for rent/sale - คอนโด อนิล สาทร 12 เช่า/ขาย/ซื้อ,https://www.facebook.com/groups/590820996847906,silom,"rent,sale,condo",,
Apartment For Rent(Pet Friendly ONLY),https://www.facebook.com/groups/1337807713042091,,"rent,condo",,
Aspire Rama 4 แอสไพร์ พระราม 4 คอนโดให้เช่า,https://www.facebook.com/groups/838807240123343,,"rent,condo",,
Aspire Sukhumvit 48 แอสปาย สุขุมวิท 48 คอนโดให้เช่า,https://www.facebook.com/groups/614145986991778,sukhumvit,"rent,condo",,
Baanchao,https://www.facebook.com/groups/Baanchao,bangkok,"condo,rent,sale",,
BaanchaokrungthepPost,https://www.facebook.com/groups/BaanchaokrungthepPost,bangkok,"condo,rent,sale",,
Bangkok Apartments & Condos For Rent & Sale,https://www.facebook.com/groups/bangkokapartments,bangkok,condo,,
Bangkok Condo & House for Sale and Rent,https://www.facebook.com/groups/410625072657839,bangkok,"rent,sale,condo,house",,
Bangkok Condo - ဘန်ကောက်ကွန်ဒို (ရောင်း/ဝယ်/ငှါး),https://www.facebook.com/groups/3280292212187631,bangkok,condo,,
BANGKOK ESTATE - BUY/RENT CONDO & HOUSE 在泰國購買/出租公寓和房屋,https://www.facebook.com/groups/512077738319696,bangkok,"rent,condo,house",,
Bangkok Expats - Condo for rent,https://www.facebook.com/groups/6521519787867197,bangkok,"rent,condo,expat",,
BANGKOK EXPATS Apartment / House / Condo for Rent and Sale Bangkok Thailand,https://www.facebook.com/groups/2157264477895406,bangkok,"rent,sale,condo,house,expat",,
Bangkok Expats Apartment Condo house hotels for Rent short term - long term,https://www.facebook.com/groups/1147876853237875,bangkok,"rent,condo,house,expat",,
Bangkok house for rent,https://www.facebook.com/groups/1453525514942308,bangkok,"rent,house",,
Bangkok Property Inquiry,https://www.facebook.com/groups/1958369714391828,bangkok,"condo,rent,sale",,
Bangkok Property Investment (ဘန်ကောက် အိမ် ခြံမြေ),https://www.facebook.com/groups/485089156473765,bangkok,"condo,rent,sale",,
Bangkok Property Market - Condo / Apartment for Rent & Sale,https://www.facebook.com/groups/903841571044598,bangkok,"rent,sale,condo",,
Bangkok Rental Residences For Expats,https://www.facebook.com/groups/367283441957400,bangkok,"rent,expat",,
Bangkok Sukhumvit Condo For Rent Sale,https://www.facebook.com/groups/907332211120269,sukhumvit,"rent,sale,condo",,
bangkokcondo zone2,https://www.facebook.com/groups/bangkokcondo.zone2,bangkok,condo,,
Bangkokcondoforsaleandrent,https://www.facebook.com/groups/Bangkokcondoforsaleandrent,bangkok,"rent,sale,condo",,
bangkokcondoforsalerent,https://www.facebook.com/groups/bangkokcondoforsalerent,bangkok,"rent,sale,condo",,
Bankok condo Buy/Sale/Rent,https://www.facebook.com/groups/3026690077450807,,"rent,sale,condo",,
Belle Grand Rama 9 for rent/sale-เบล แกรนด์ พระราม 9 เช่า/ขาย/ซื้อ,https://www.facebook.com/groups/677903477185353,rama9,"rent,sale",,
Bkk condo near BTS & MRT For rent and Sell,https://www.facebook.com/groups/1154345894752595,,"rent,condo",,
"Bkk Condo အငှား,အရောင်း&Home အငှား ဝန်ဆောင်မှု- ohnmar",https://www.facebook.com/groups/274684674586934,,condo,,
Black List สายอสังหาฯ,https://www.facebook.com/groups/2217495588462275,,"condo,rent,sale",,
BTS Bangkok Condo for Rent / for Sale,https://www.facebook.com/groups/2404652709805074,bangkok,"rent,sale,condo",,
btscondo,https://www.facebook.com/groups/btscondo,bangkok,condo,,
Buy / Sell / Rent Condo in Bangkok,https://www.facebook.com/groups/725659544229001,bangkok,"rent,condo",,
"Buy, Sell and Rent Thailand Property",https://www.facebook.com/groups/296646503869469,,rent,,
"CAPITAL PROPERTY CO.,LTD. /BUY/SALE/RENT/ PATTAYA",https://www.facebook.com/groups/1891697461111991,,"rent,sale",,
Ceil Ekamai By Sansiri for rent/sale-ซีล บาย แสนสิริ เอกมัย เช่า/ขาย/ซื้อ,https://www.facebook.com/groups/1468977236841235,ekamai,"rent,sale",,
Centric Ratchada - Huai Khwang เซ็นทริค รัชดา - ห้วยขวาง คอนโดให้เช่า,https://www.facebook.com/groups/763867238117305,"huaikhwang,ratchada","rent,condo",,
Chambers Onnut Station for rent/sale-คอนโดแชมเบอร์ส อ่อนนุช สเตชั่น เช่า/,https://www.facebook.com/groups/793306535056875,onnut,"rent,sale,condo",,
Changan Deepal S07 กลุ่มซื้อขายของแต่ง,https://www.facebook.com/groups/1833575990447040,,sale,,
Chapter One Eco Ratchada for rent/sale-แชปเตอร์วัน อีโค รัชดา-ห้วยขวาง เช่า,https://www.facebook.com/groups/852782852834016,"huaikhwang,ratchada","rent,sale",,
Clash of Clans - Thailand ( พูดคุย& ซื้อขายแลกเปลี่ยน ),https://www.facebook.com/groups/648766985791788,,sale,,
Clash of Clans Thailand 🇹🇭 ( พูดคุย&ซื้อขายรหัสแคลชออฟแคลน),https://www.facebook.com/groups/1882679302229787,,sale,,
Clash of Clans ซื้อ-ขาย รหัส แคลนออฟแคลน ( พูดคุยแคลนออฟแคลน ),https://www.facebook.com/groups/561089851226030,,sale,,
Clash of Clans แคชออฟแคลนซื้อ-ขายพูดคุย,https://www.facebook.com/groups/CoinMaster.Thailand4995,,sale,,
CLOUD Thonglor-Phetchaburi ซื้อ ขาย เช่า คอนโดคลาวด์ ทองหล่อ-เพชรบุรี,https://www.facebook.com/groups/748738653514509,thonglor,"rent,sale,condo",,
CNC ซื้อ-ขาย เครื่อง/ไฟล์งาน พูดคุย ปรึกษา แชร์ความรู้,https://www.facebook.com/groups/2638438209634741,,sale,,
CO - AGENT / CONDO EXCHANGE CENTER BANGKOK,https://www.facebook.com/groups/204174579409024,bangkok,condo,,
"Commercial Property For Rent, in Bangkok",https://www.facebook.com/groups/742420537824248,bangkok,rent,,
Condo and House Exchange,https://www.facebook.com/groups/1971104976457655,,"condo,house",,
Condo Asok/Phrom Phong/Thong Lor/Ekkamai,https://www.facebook.com/groups/281172907654435,"asoke,thonglor,ekamai",condo,,
CONDO EXCHANGE CENTER,https://www.facebook.com/groups/prakard,,condo,,
CONDO EXCHANGE CENTER,https://www.facebook.com/groups/ideoqchulasamyan,,condo,,
Condo Exchange Center Bangkok,https://www.facebook.com/groups/condoexchangecenterbangkok,bangkok,condo,,
Condo For Rent/Sell Bangkok-Sukhumvit Green Line,https://www.facebook.com/groups/2002708923499200,sukhumvit,"rent,condo",,
Condo for sell/rent in Thailand,https://www.facebook.com/groups/641044259319443,,"rent,condo",,
Condo Owner ขาย-เช่า คอนโด สำหรับเจ้าของห้องโพสเท่านั้น ห้ามเอเจนท์โพส,https://www.facebook.com/groups/condoowner,,"rent,sale,condo,owner_only,agent_ok",,
Condo sales by owner CNX คอนโดเจ้าของขายเอง,https://www.facebook.com/groups/828294017774520,,"sale,condo",,
Condo Sukhumvit Rent Buy Sale,https://www.facebook.com/groups/1101850758029615,sukhumvit,"rent,sale,condo",,
condo th,https://www.facebook.com/groups/condo.th,,condo,,
condo24 7hours,https://www.facebook.com/groups/condo24.7hours,,condo,,
condoforrentandsale,https://www.facebook.com/groups/condoforrentandsale,,"rent,sale,condo",,
condoforrentth,https://www.facebook.com/groups/condoforrentth,,"rent,condo",,
condomarket,https://www.facebook.com/groups/condomarket,bangkok,condo,,
condorakatook,https://www.facebook.com/groups/condorakatook,,condo,,
condorama9,https://www.facebook.com/groups/condorama9,rama9,condo,,
condosalesbyowner,https://www.facebook.com/groups/condosalesbyowner,,"sale,condo",,
condosilomline,https://www.facebook.com/groups/condosilomline,silom,condo,,
condothonburideeperty,https://www.facebook.com/groups/condothonburideeperty,thonburi,condo,,
deverproperty,https://www.facebook.com/groups/deverproperty,,"condo,rent,sale",,
doomyhome,https://www.facebook.com/groups/doomyhome,,,,
easyrentcondo,https://www.facebook.com/groups/easyrentcondo,,"rent,condo",,
Expat Services - in Bangkok Thailand including Apartment and Condo for rent,https://www.facebook.com/groups/expat.services.thailand,bangkok,"rent,condo,expat",,
FIHOME ขายบ้านหรู กรุงเทพ by THREETREE STUDIO,https://www.facebook.com/groups/1261497837902026,bangkok,"sale,house",,
For Sale Bangkok,https://www.facebook.com/groups/1496843327306122,bangkok,sale,,
Fuse Mobius Ramkhamhaeng Station for rent/sale-ฟิวส์ โมเบียส รามคำแหง เช่า,https://www.facebook.com/groups/1074343613252934,ramkhamhaeng,"rent,sale",,
Grand Property Luxury Home - บ้านหรู คฤหาสน์ คฤหาสน์หรู กรุงเทพและปริมณฑล,https://www.facebook.com/groups/944745470251326,bangkok,house,,
Home office Commercial RENT SALE ออฟฟิศ อาคารให้เช่า เซ้งร้าน,https://www.facebook.com/groups/1332603961202174,,"rent,sale,office",,
homehouses bangkok,https://www.facebook.com/groups/homehouses.bangkok,bangkok,house,,
hongdee,https://www.facebook.com/groups/hongdee,,,,
House & Condo Exchange Center,https://www.facebook.com/groups/1060827840671831,,"condo,house",,
I-House Laguna Garden RCA for rent/sale-ไอเฮ้าส์ ลากูน่า การ์เด้น เช่า/ขาย,https://www.facebook.com/groups/652851529809516,,"rent,sale,house",,
Ideo Asoke Rama 9 ซื้อ ขาย ปล่อยเช่า คอนโดย่านพระราม 9 New CBD,https://www.facebook.com/groups/660616128648020,"rama9,asoke","rent,sale,condo",,
Ideo Mobi Asoke for rent/sale-คอนโด ไอดีโอ โมบิ อโศก เช่า/ขาย/ซื้อ,https://www.facebook.com/groups/1524536674661448,asoke,"rent,sale,condo",,
IDEO Mobi Rama 9 ไอดีโอ โมบิ พระราม 9 คอนโดให้เช่า,https://www.facebook.com/groups/553326770042415,rama9,"rent,condo",,
IDEO Mobi Sukhumvit Eastpoint ไอดีโอ โมบิ สุขุมวิท อีสต์พอยท์ คอนโดให้เช่า,https://www.facebook.com/groups/443562664358098,sukhumvit,"rent,condo",,
IDEO Mobi Sukhumvit Eastpoint ไอดีโอ โมบิ สุขุมวิท อีสต์พอยท์ คอนโดให้เช่า,https://www.facebook.com/groups/1125053408892906,sukhumvit,"rent,condo",,
Ideo New Rama 9 for rent/sale-คอนโด ไอดีโอ นิว พระราม 9 เช่า/ขาย/ซื้อ,https://www.facebook.com/groups/3189348091382695,rama9,"rent,sale,condo",,
Ideo Q Chula Samyan for rent/sale-ไอดีโอ คิว จุฬา สามย่าน เช่า/ขาย/ซื้อ,https://www.facebook.com/groups/1317381239013058,,"rent,sale",,
Ideo Q Chula–Samyan ไอดีโอ คิว จุฬา ครบเครื่องทุกการซื้อ ขาย เช่า,https://www.facebook.com/groups/962187744129616,,"rent,sale",,
Inspire Place ABAC-Rama IX อินสไปร์ เพลส เอแบค พระราม 9 คอนโดให้เช่า,https://www.facebook.com/groups/404569621624336,rama9,"rent,condo",,
iPhone iPad ไอโฟน ไอแพด ซื้อขาย มือ1 มือ2,https://www.facebook.com/groups/251552921656219,,sale,,
Ivy Thonglor Sukhumvit 55 for rent/sale-คอนโดไอวี่ ทองหล่อ 23 เช่า/ขาย/ซื้อ,https://www.facebook.com/groups/507929031184389,"thonglor,sukhumvit","rent,sale,condo",,
KnightsBridge Prime Onnut for rent/sale-คอนโด ไนท์บริดจ์ ไพร์ม อ่อนนุช เช่า,https://www.facebook.com/groups/795477991718712,onnut,"rent,sale,condo",,
ladprao,https://www.facebook.com/groups/ladprao,ladprao,,,
Landmark @ MRTA Station (Siamese Rama 9) ซื้อขาย โปรโมททำโฆษณา,https://www.facebook.com/groups/275362431186023,rama9,sale,,
Life Rama4-Asoke (ไลฟ์ พระราม 4-อโศก) Buy-Sell-Rent ซื้อ-ขาย-เช่า,https://www.facebook.com/groups/3756146131375993,asoke,"rent,sale",,
Low Cost Rent Bangkok Condo-Apartment On Sukhumvit Road,https://www.facebook.com/groups/352814867095816,sukhumvit,"rent,condo",,
Lumpini Place Rama IX - Ratchada ลุมพินี เพลส พระราม 9 - รัชดา คอนโดให้เช่า,https://www.facebook.com/groups/429842832347145,"rama9,ratchada","rent,condo",,
Lumpini Place Ratchada - Sathu ลุมพินี เพลส รัชดา - สาธุ คอนโดให้เช่า,https://www.facebook.com/groups/1931987260477381,ratchada,"rent,condo",,
Lumpini Ville Onnut for rent/sale-คอนโดลุมพินีวิลล์ อ่อนนุช พัฒนาการ เช่า,https://www.facebook.com/groups/lumpini.ville.onnut,onnut,"rent,sale,condo",,
Lumpini Ville Phatanakan ลุมพินี วิลล์ พัฒนาการ - ศรีนครินทร์ คอนโดให้เช่า,https://www.facebook.com/groups/860293711340626,,"rent,condo",,
Lumpini Ville Sukhumvit 77 for rent/sale-ลุมพินี วิลล์ สุขุมวิท 77 เช่า/ขาย,https://www.facebook.com/groups/1004485420416651,sukhumvit,"rent,sale",,
Lumpini Ville Sukhumvit 77 ลุมพินี วิลล์ สุขุมวิท 77 คอนโดให้เช่า,https://www.facebook.com/groups/1232600797533010,sukhumvit,"rent,condo",,
Luxury Home Bangkok บ้านหรู คอนโดหรู กรุงเทพและปริมณฑล,https://www.facebook.com/groups/1263597684611510,bangkok,"condo,house",,
Luxury House For Rent บ้านสวย คฤหาสน์หรู บ้านหลังใหญ่,https://www.facebook.com/groups/752785400373088,,"rent,house",,
Luxury House For Rent บ้านสวย คฤหาสน์หรู บ้านหลังใหญ่,https://www.facebook.com/groups/luxuryhouseforrent,,"rent,house",,
Luxury House Thailand ขายคฤหาสน์ บ้านหรู,https://www.facebook.com/groups/693911726038842,,"sale,house",,
Luxury บ้านหรู คฤหาสน์เศรษฐี 10-100 MB,https://www.facebook.com/groups/414986732926032,,house,,
luxuryhome co th,https://www.facebook.com/groups/luxuryhome.co.th,,,,
Market ลูกบ้าน Chapter One Eco รัชดา-ห้วยขวาง,https://www.facebook.com/groups/226748065419999,"huaikhwang,ratchada",house,,
Mobile Legends ชื้อ-ขายแลกเปลี่ยนไอดี TH,https://www.facebook.com/groups/3792677540951125,,sale,,
MUORIGIN2,https://www.facebook.com/groups/MUORIGIN2,,,,
NIA by Sansiri For Rent/Sell exchange - ซื้อ ขาย เช่า,https://www.facebook.com/groups/325470703701724,,"rent,sale",,
Niche Pride Thonglor-Phetchaburi (ลูกบ้าน),https://www.facebook.com/groups/641978723586036,thonglor,house,,
Noble State 39 Phrom Phong for rent/sale-โนเบิล สเตท 39 เช่า/ขาย/ซื้อ,https://www.facebook.com/groups/293835159876209,,"rent,sale",,
officeforrentbangkok,https://www.facebook.com/groups/officeforrentbangkok,bangkok,"rent,office",,
officethailand,https://www.facebook.com/groups/officethailand,,office,,
Owner & Agents Property Bangkok,https://www.facebook.com/groups/owneragentproperty,bangkok,agent_ok,,
Owner Only ปล่อยเช่า ขาย คอนโด จากเจ้าของห้องโดยตรง,https://www.facebook.com/groups/owneronly,,"rent,sale,condo,owner_only",,
owner park24 only for sell rent,https://www.facebook.com/groups/636419180944266,,rent,,
Owner Post (Only) Luxury Condo Bangkok,https://www.facebook.com/groups/luxurycondobkk,bangkok,"condo,owner_only",,
Owner Post - Condo for rent (60K up) in Sukhumvit - Bangkok,https://www.facebook.com/groups/480398983616211,sukhumvit,"rent,condo,owner_only",,
Owner post Luxury property house Land and condo in bangkok เจ้าของขายเอง,https://www.facebook.com/groups/1139333293238309,bangkok,"sale,condo,house,owner_only",,
Owner Post ซื้อ ขาย เช่า คอนโด,https://www.facebook.com/groups/ownerpost,,"rent,sale,condo,owner_only",,
Owner Post บ้าน ที่ดิน คอนโด เจ้าของโพสต์เองเท่านั้น,https://www.facebook.com/groups/realestateowner,,"condo,house,owner_only",,
Owner Post เจ้าของปล่อยเช่าคอนโด 业主出租群,https://www.facebook.com/groups/374078016708868,,"rent,condo,owner_only",,
Owner Property Exchange Center เช่า ขายบ้านและคอนโดเฉพาะเจ้าของ,https://www.facebook.com/groups/ownerpropertycenter,,"condo,rent,sale",,
OWNER ซื้อขาย บ้าน ที่ดิน คอนโด สุขุมวิท อ่อนนุช บางนา ศรีนครินทร์ พัฒนาการ,https://www.facebook.com/groups/1425459088205078,"onnut,sukhumvit,bangna","sale,condo,house",,
Owner/Agent ศูนย์กลาง ซื้อ-ขาย-เช่า อสังหา คอนโด บ้านหรู ที่ดิน,https://www.facebook.com/groups/1496737844193611,,"rent,sale,condo,house",,
owneragentpost,https://www.facebook.com/groups/owneragentpost,,agent_ok,,
Park 24 Origin Prompong for rent/sale-พาร์ค 24 ออริจิ้น พร้อมพงษ์ เช่า/ขาย,https://www.facebook.com/groups/665388488620876,,"rent,sale",,
PET FRIENDLY APARTMENT-CONDO-HOUSE,https://www.facebook.com/groups/1637292186544217,,"condo,house",,
Pet friendly condo / house / apartment,https://www.facebook.com/groups/6274545645927547,,"condo,house",,
Pet Friendly Only 🐶 🐱 Bangkok / rent / sale Condo & house,https://www.facebook.com/groups/363740660034611,bangkok,"rent,sale,condo,house",,
Pet-friendly condo apartments Bangkok,https://www.facebook.com/groups/3367900096798184,bangkok,condo,,
Plum Condo Sukhumvit 62 (พลัม คอนโด สุขุมวิท 62),https://www.facebook.com/groups/721058476650453,sukhumvit,condo,,
property exchange center,https://www.facebook.com/groups/property.exchange.center,,"condo,rent,sale",,
propertyDD บ้านดีดี ที่ดินดีดี อสังหาฯดีดี ddproperty,https://www.facebook.com/groups/ddproperty,,house,,
PUBG MOBILE ซื้อขาย-พูดคุย-แลกเปลี่ยน,https://www.facebook.com/groups/1053824272152596,,sale,,
ramkhamhaengbaanchao,https://www.facebook.com/groups/ramkhamhaengbaanchao,ramkhamhaeng,"condo,rent,sale",,
Real Estate Thailand Group,https://www.facebook.com/groups/Thailandrealestate,,,,
realestate bkk,https://www.facebook.com/groups/realestate.bkk,,,,
realestatezonesukhumvit,https://www.facebook.com/groups/realestatezonesukhumvit,sukhumvit,,,
Regent Home Bangna - รีเจ้นท์ โฮม บางนา -ซื้อ ขาย ขายดาวน์,https://www.facebook.com/groups/regenthomebangna,bangna,sale,,
Regent Home Sukhumvit 81 รีเจ้นท์ โฮม สุขุมวิท 81 คอนโดให้เช่า,https://www.facebook.com/groups/541427934434832,sukhumvit,"rent,condo",,
Regent Home Sukhumvit 97/1 รีเจ้นท์ โฮม สุขุมวิท 97/1 คอนโดให้เช่า,https://www.facebook.com/groups/1003089670355835,sukhumvit,"rent,condo",,
Rent / Buy / Sale - Condo & all Property Bangkok,https://www.facebook.com/groups/1619680751629549,bangkok,"rent,sale,condo",,
Rent Bangkok,https://www.facebook.com/groups/1015278671976124,bangkok,rent,,
Rent Property in Bangkok Thailand,https://www.facebook.com/groups/Rentpropertybangkok,bangkok,rent,,
rentalcondo thailand,https://www.facebook.com/groups/rentalcondo.thailand,,"rent,condo",,
renthubratchada,https://www.facebook.com/groups/renthubratchada,ratchada,rent,,
Revo Rocco. ซื้อขาย Toyota,https://www.facebook.com/groups/276448621611241,,sale,,
Rhythm Asoke 2 Condominium for rent/sale-คอนโด ริทึ่ม อโศก 2 เช่า/ขาย/ซื้อ,https://www.facebook.com/groups/620572053102457,asoke,"rent,sale,condo",,
Rhythm Phahon Ari รีทึ่ม พหล อารีย์ รวมทุกการซื้อ ขาย เช่า,https://www.facebook.com/groups/641178556743065,phayathai,"rent,sale",,
Samui RENT BUY SELL for FREE,https://www.facebook.com/groups/samuirentbuysell,,rent,,
Siam Property Exchange Center,https://www.facebook.com/groups/siam.property.thailand,,"condo,rent,sale",,
Siamese Exclusive Queens for rent/sale-ไซมิส เอ๊กซ์คลูซีพ ควีนส์ เช่า/ขาย,https://www.facebook.com/groups/694791588730007,,"rent,sale",,
sukhumvithouse4rent,https://www.facebook.com/groups/sukhumvithouse4rent,sukhumvit,"rent,house",,
Supalai Premier Ratchathewi for rent/sale-ศุภาลัย พรีเมียร์ ราชเทวี เช่า,https://www.facebook.com/groups/1409154902828140,,"rent,sale",,
Supalai Premiere at Asoke for rent/sale-ศุภาลัย พรีเมียร์ แอท อโศก เช่า/ขาย,https://www.facebook.com/groups/520015573281818,asoke,"rent,sale",,
Supalai Veranda Ramkhamhaeng ศุภาลัย เวอเรนด้า รามคำแหง คอนโดให้เช่า,https://www.facebook.com/groups/318257317132277,ramkhamhaeng,"rent,condo",,
Supalai​ Oriental​ Sukhumvit​39CONDO EXCHANGE CENTER: Condos for Rent/Sale,https://www.facebook.com/groups/286283932891221,sukhumvit,"rent,sale,condo",,
SuperLuxury Home and Condo for Sell/Rent - ซื้อขาย/เช่า บ้านหรู คอนโดหรู,https://www.facebook.com/groups/1030824198180093,,"rent,sale,condo,house",,
teedinsiam,https://www.facebook.com/groups/teedinsiam,,,,
Thailand Property,https://www.facebook.com/groups/619287574870180,,"condo,rent,sale",,
Thailand property & Real Estate,https://www.facebook.com/groups/1503588676619731,,"condo,rent,sale",,
Thailand Property Listings,https://www.facebook.com/groups/thailandcondosales,,"sale,condo",,
Thailand Real Estate and Rentals,https://www.facebook.com/groups/realestatethailand,,rent,,
"Thailand Villas, Condos, Homes",https://www.facebook.com/groups/393983667467923,,condo,,
The Address Siam Ratchathewi for rent/sale-ดิ แอดเดรส สยาม ราชเทวี เช่า/ขาย,https://www.facebook.com/groups/529123522373760,,"rent,sale",,
The Base Sukhumvit 77 for rent/sale-เดอะ เบส สุขุมวิท-อ่อนนุช เช่า/ขาย/ซื้อ,https://www.facebook.com/groups/5626563610714081,"onnut,sukhumvit","rent,sale",,
THE LINE Sukhumvit 101 เดอะ ไลน์ สุขุมวิท 101 คอนโดให้เช่า,https://www.facebook.com/groups/768381824191948,sukhumvit,"rent,condo",,
The Lofts Asoke for rent/sale-เดอะ ลอฟท์ อโศก BTS / MRT เช่า/ขาย/ซื้อ,https://www.facebook.com/groups/464550885511773,asoke,"rent,sale",,
The Lumpini 24 for Rent : Post by Owner : Agent welcome,https://www.facebook.com/groups/527603747817435,,rent,,
THE MUVE Bangna เดอะ มูฟ บางนา คอนโดให้เช่า,https://www.facebook.com/groups/3659906770912542,bangna,"rent,condo",,
THE MUVE Bangna เดอะ มูฟ บางนา คอนโดให้เช่า,https://www.facebook.com/groups/1334485550436046,bangna,"rent,condo",,
THE MUVE Ram 22 เดอะ มูฟ ราม 22 คอนโดให้เช่า,https://www.facebook.com/groups/638217174721000,,"rent,condo",,
The Niche Pride Thonglor for rent/sale-เดอะ นิช ไพร์ด ทองหล่อ-เพชรบุรี เช่า,https://www.facebook.com/groups/1600499820388912,thonglor,"rent,sale",,
The Niche Sukhumvit 49 เดอะ นิช สุขุมวิท 49 คอนโดให้เช่า,https://www.facebook.com/groups/817810992864761,sukhumvit,"rent,condo",,
The Parkland Phetkaseam 56 เดอะพาร์คแลนด์ เพชรเกษม 56 คอนโดให้เช่า,https://www.facebook.com/groups/6375761459153376,,"rent,condo",,
The Parkland Phetkasem 56 for rent/sale-เดอะ พาร์คแลนด์ เพชรเกษม เช่า/ขาย,https://www.facebook.com/groups/1231136747538888,,"rent,sale",,
The Politan Rive - Aqua Buy Sell Rent /โพลิแทน รีฟ - อควา ซื้อ ขาย เช่า,https://www.facebook.com/groups/749042779114579,,"rent,sale",,
The Privacy Rama 9 for rent/sale-เดอะไพรเวซี่ พระราม 9 เช่า/ขาย/ซื้อ,https://www.facebook.com/groups/1244733759435233,rama9,"rent,sale",,
The Tree Pattanakarn - Ekkamai เดอะ ทรี พัฒนาการ - เอกมัย คอนโดให้เช่า,https://www.facebook.com/groups/400520415577042,ekamai,"rent,condo",,
The Tree Pattanakarn - Ekkamai เดอะ ทรี พัฒนาการ - เอกมัย คอนโดให้เช่า,https://www.facebook.com/groups/584294293232480,ekamai,"rent,condo",,
Thru Thonglor for rent/sale-คอนโด ทรู ทองหล่อ เช่า/ขาย/ซื้อ,https://www.facebook.com/groups/1223450505052292,thonglor,"rent,sale,condo",,
TOYOTA HILUX REVO-ห้องซื้อ-ขาย,https://www.facebook.com/groups/689092531285392,,sale,,
TV-ทีวี-มือ1 TV-ทีวี-มือ2 ซื้อขาย TV-ทีวี โทรทัศน์ ราคาถูก สมาร์ททีวี ราคาถ,https://www.facebook.com/groups/520050711008696,,sale,,
U Delight Residence for rent/sale-ยูดีไลท์ เรสซิเดนซ์ พัฒนาการ เช่า/ขาย,https://www.facebook.com/groups/udelight.residence.pattanakarn,,"rent,sale",,
Vtara Sukhumvit 36 Thonglor for rent/sale-วีธารา สุขุมวิท 36 ทองหล่อ เช่า,https://www.facebook.com/groups/1269793243854307,"thonglor,sukhumvit","rent,sale",,
White List ช่าง แม่บ้าน ฝ่ายซ่อมบำรุง,https://www.facebook.com/groups/25818318121085902,,house,,
whoknoes,https://www.facebook.com/groups/whoknoes,,,,
Wish Signature Midtown Siam ครบเครื่องทุกการซื้อ ขาย เช่า,https://www.facebook.com/groups/583839655671828,,"rent,sale",,
WYNE Sukhumvit Condo Prakanong for rent/sale-วายน์ สุขุมวิท พระโขนง เช่า/,https://www.facebook.com/groups/1448946705926035,sukhumvit,"rent,sale,condo",,
"กลุ่ม ""ขาย ให้เช่า Life Ladprao ไลฟ์ ลาดพร้าว""",https://www.facebook.com/groups/394788078158094,ladprao,"rent,sale",,
"กลุ่ม ""ให้เช่า ขาย Noble Revolve Ratchada โนเบิล รีวอลฟ์ รัชดา""",https://www.facebook.com/groups/608811559804002,ratchada,"rent,sale",,
กลุ่ม โกดังให้เช่า,https://www.facebook.com/groups/124109754710416,,rent,,
กลุ่มงานเฟอร์นิเจอร์บิ้วอิน และ งานคอนโด,https://www.facebook.com/groups/1828866020729628,,condo,,
กลุ่มช่างไม้.ช่างสี.งานเฟอร์นิเจอร์บิ้วอิน..เพื่อการตกแต่งบ้านพักอาศัย,https://www.facebook.com/groups/2081388215469888,,house,,
กลุ่มซื้อ ขาย SUPALAI Premier Si Phraya - Samyan,https://www.facebook.com/groups/1365221323669316,,sale,,
กลุ่มซื้อขายแลกเปลี่ยน Modiz Rhyme รามคำแหง,https://www.facebook.com/groups/283245439523245,ramkhamhaeng,sale,,
กลุ่มหารถขนของ ย้ายหอ ย้ายบ้าน ขนของไปทิ้ง กรุงเทพและปริมณฑล,https://www.facebook.com/groups/3299113830143580,bangkok,house,,
ขาย / ให้เช่า บ้าน - ปากเกร็ด นนทบุรี,https://www.facebook.com/groups/414569753074524,,"rent,sale,house",,
ขาย ทรัพย์ประมูล บ้าน คอนโด ที่ดิน ทาวเฮ้าส์ อพาเม้นท์ กรุงเทพฯ ปริมณฑล,https://www.facebook.com/groups/3140420919404360,bangkok,"sale,condo,house",,
ขาย บ้าน ที่ดิน นาคนิวาส ลาดพร้าว วังหิน โชคชัย4,https://www.facebook.com/groups/578236113955626,ladprao,"sale,house",,
ขาย บ้าน ที่ดิน นาคนิวาส ลาดพร้าว วังหิน โชคชัย4 เจ้าของขายเอง,https://www.facebook.com/groups/288238919098929,ladprao,"sale,house",,
ขาย ปล่อยเช่า คอนโด โซนบางจาก ปุณณวิถี อุดมสุข บางนา แบริ่ง สำโรง ใกล้เคียง,https://www.facebook.com/groups/bangkokcondorealestateagent,bangna,"rent,sale,condo",,
ขาย เช่า คอนโด กรุงเทพ,https://www.facebook.com/groups/770357389784713,bangkok,"rent,sale,condo",,
ขาย เช่า คอนโด กรุงเทพ โซนห้วยขวาง รัชดา สุทธิสาร,https://www.facebook.com/groups/1965252317136254,"huaikhwang,ratchada","rent,sale,condo",,
ขาย เช่า คอนโด ย่านราชเทวี พญาไท,https://www.facebook.com/groups/614164007130958,phayathai,"rent,sale,condo",,
ขาย เช่า บ้าน คอนโด ที่ดิน กรุงเทพ ต่างจังหวัด,https://www.facebook.com/groups/THAICONDOMARKET,bangkok,"rent,sale,condo,house",,
ขาย เช่า อสังหาทุกประเภท กรุงเทพและปริมณฑล,https://www.facebook.com/groups/398135084085578,bangkok,"rent,sale",,
ขาย เช่า อาคารพาณิชย์ ใน กทม.,https://www.facebook.com/groups/773124402855050,,"rent,sale",,
ขาย เช่า เดอะเบส พาร์คเวสต์ The Base Park West Sukhumvit 77,https://www.facebook.com/groups/659514814664474,sukhumvit,"rent,sale",,
ขาย เซ้ง คลินิกความงาม อสังหาริมทรัพย์,https://www.facebook.com/groups/1004596887230428,,sale,,
ขาย ให้เช่า โกดัง โรงงาน คลังสินค้า,https://www.facebook.com/groups/2721429551442936,,"rent,sale",,
ขาย-เช่า คฤหาสน์ บ้านหรู ประเทศไทย,https://www.facebook.com/groups/479191077380775,,"rent,sale,house",,
ขาย-เช่า คอนโด ย่านพระราม 9 ห้วยขวาง รัชดา Sell Buy Rent Condominium Rama9,https://www.facebook.com/groups/529483437422687,"rama9,huaikhwang,ratchada","rent,sale,condo",,
ขาย/ซื้อ/เช่า พาร์ค ออริจิ้น พร้อมพงษ์-Park Origin Phrom Phong,https://www.facebook.com/groups/261123366365205,,"rent,sale",,
ขายกิจการ ขายโรงงาน หานักลงทุน,https://www.facebook.com/groups/1345787426280827,,sale,,
ขายคฤหาสน์หรู บ้านหรู บ้านเศรษฐี บ้านสวย บ้านคุณภาพ,https://www.facebook.com/groups/714099783968504,,"sale,house",,
ขายคอนโด ราคา หลักแสน​ ถึงหลัก​ ล้าน​ มือ 2 รีโนเวทใหม่ แนวรถไฟฟ้า,https://www.facebook.com/groups/2264694857253769,,"sale,condo",,
ขายที่ดินนนทบุรี​ เจ้าของขายเอง,https://www.facebook.com/groups/164960718881560,,sale,,
ขายบ้าน ที่ดิน คอนโด กรุงเทพ ปริมณฑล,https://www.facebook.com/groups/540132249918267,bangkok,"sale,condo,house",,
ขายบ้านมือสอง กรุงเทพมหานคร และปริมณฑล,https://www.facebook.com/groups/1014448843214901,bangkok,"sale,house",,
ขายบ้านมือสอง รามคำแหง สะพานสูง พัฒนาการ อ่อนนุช ศรีนครินทร์ บางนา,https://www.facebook.com/groups/1591659951258195,"onnut,ramkhamhaeng,bangna","sale,house",,
ขายบ้านหรู คฤหาสน์หรู ที่ดินราคาสูงทั่วประเทศ,https://www.facebook.com/groups/721123843331842,,"sale,house",,
ขายบ้านเศรษฐี คฤหาสน์หรู กรุงเทพ-ปริมณฑล และ ทั่วประเทศ,https://www.facebook.com/groups/1139521147037898,bangkok,"sale,house",,
ขายรถยนต์มือสอง รถบ้านราคาถูก เจ้าของขายเอง,https://www.facebook.com/groups/1714813178836977,,"sale,house",,
ขายรถราคาตัด,https://www.facebook.com/groups/454660448667021,,sale,,
ขายเช่าบ้าน ที่ดินเปล่า กรุงเทพกรีฑา พระราม9,https://www.facebook.com/groups/632111295636794,rama9,"rent,sale,house",,
ขายเช่าเซ้งกิจการเซ้งร้านด่วน,https://www.facebook.com/groups/460576514944043,,"rent,sale",,
ขายแอร์มือสอง รับชื้อแอร์เก่า,https://www.facebook.com/groups/914373028708507,,sale,,
ขายโล๊ะของเหลือใช้ที่บ้านทุกอย่าง,https://www.facebook.com/groups/213542723086128,,"sale,house",,
ขายไอโฟน มือ1 มือ2 ราคาถูก คุณภาพดี✅📲🔋,https://www.facebook.com/groups/970531267084530,,sale,,
คนเช่าตามหาห้อง แถวสุทธิสาร ห้วยขวาง รัชดา พระราม9,https://www.facebook.com/groups/700053357211566,"rama9,huaikhwang,ratchada",rent,,
คอนโด นนทบุรี งามวงศ์วาน แจ้งวัฒนะ รัตนาธิเบศร์ ปากเกร็ด ติวานนท์ บางใหญ่,https://www.facebook.com/groups/1517072382230034,ngamwongwan,condo,,
คอนโด บ้าน เช่า ขาย ลาดพร้าว รามคำแหง บางกะปื,https://www.facebook.com/groups/432283252004273,"ladprao,ramkhamhaeng","rent,sale,condo,house",,
คอนโด บ้าน เช่า/ขาย ลาดพร้าว บางกระปิ รามคำแหง คลองจั่น,https://www.facebook.com/groups/237180325208564,"ladprao,ramkhamhaeng","rent,sale,condo,house",,
คอนโด พระราม 3 (RAMA III Condo for rent),https://www.facebook.com/groups/162873490134778,,"rent,condo",,
คอนโด รามคำแหง หัวหมาก ให้เช่า ราคาถูก,https://www.facebook.com/groups/953439065689897,ramkhamhaeng,"rent,condo",,
คอนโด-บ้านให้เช่า นนทบุรี( เจ้าของปล่อยเช่า),https://www.facebook.com/groups/579112900980977,,"rent,condo,house",,
คอนโดน่าอยู่โซนสาทร สีลม พระราม3 เจริญนคร,https://www.facebook.com/groups/sathornsilomrama3condocenter,"silom,thonburi",condo,,
คอนโดรามคำแหง ลาดพร้าว บางกะปิ นวมินทร์ รามอินทรา,https://www.facebook.com/groups/164749053377751,"ladprao,ramkhamhaeng",condo,,
คอนโดรามคำแหง หัวหมาก บางกะปิ เสรีไทย สวนหลวง ศรีนครินทร์ พัฒนาการ อ่อนนุช,https://www.facebook.com/groups/8049127508471447,"onnut,ramkhamhaeng",condo,,
คอนโดหลักสี่ ดอนเมือง แจ้งวัฒนะ ปากเกร็ด เมืองทอง นนทบุรี,https://www.facebook.com/groups/786705512263657,,condo,,
คอนโดห้อง 2 ชั้น DUO SPACE/DUPLEX/MOFF/LOFT/VERTIPLEX เช่า/ขาย,https://www.facebook.com/groups/1816055691913118,,"rent,sale,condo",,
คอนโดแบบ สองห้องนอนขายและเช่า,https://www.facebook.com/groups/140806518232405,,"rent,sale,condo",,
คอนโดใกล้เกษตรศาสตร์ ศรีปทุมบางเขน แนวBTSสะพานควาย-สะพานใหม่ จตุจักร,https://www.facebook.com/groups/224427780293431,,condo,,
คอนโดให้เช่า,https://www.facebook.com/groups/115184529165009,,"rent,condo",,
คอนโดให้เช่า พระราม 3,https://www.facebook.com/groups/475996423572254,,"rent,condo",,
คอนโดให้เช่า รัชดา,https://www.facebook.com/groups/3102539220067881,ratchada,"rent,condo",,
คอนโดให้เช่า ราชเทวี,https://www.facebook.com/groups/590939995399426,,"rent,condo",,
คอนโดให้เช่า สาทร,https://www.facebook.com/groups/307070700755476,silom,"rent,condo",,
งานบ้านที่รัก,https://www.facebook.com/groups/219194202444930,,house,,
จำนอง ขายฝาก จำนำ แปะ อสังหาริมทรัพย์ทั่วประเทศ,https://www.facebook.com/groups/562708843920682,,sale,,
จุฬา-สามย่าน Condo chula exchange center,https://www.facebook.com/groups/777544906799723,,condo,,
ชีวาทัย ฮอลล์มาร์ค ลาดพร้าว - โชคชัย 4 คอนโดให้เช่า,https://www.facebook.com/groups/628638535770027,ladprao,"rent,condo",,
ชื้อ ขายรถยนต์มือสอง,https://www.facebook.com/groups/1181485645317871,,sale,,
ซอยมิสทีน - เคหะร่มเกล้า ซื้อ/ขาย/เช่า ที่ดิน บ้าน...,https://www.facebook.com/groups/450315086027874,,"rent,sale,house",,
ซื้อ ขาย บ้านมือสอง สายไหม หทัยราษฎร์ สุขาภิบาล5 รามอินทรา,https://www.facebook.com/groups/388846856453127,,"sale,house",,
ซื้อ ขาย ปอร์เช่ Porsche Market มือสอง ป้ายแดง,https://www.facebook.com/groups/1702218976623000,,sale,,
ซื้อ ขาย รถกระบะมือสอง รถกระบะสร้างตัว,https://www.facebook.com/groups/2479070169076646,,sale,,
"ซื้อ ขาย ล้อ ยาง 19"" 20"" เท่านั้น",https://www.facebook.com/groups/443974705721681,,sale,,
ซื้อ ขาย เช่า คอนโด Starview พระราม3,https://www.facebook.com/groups/114888355785844,,"rent,sale,condo",,
ซื้อ ขาย เช่า คอนโดย่านอารีย์ BTS Ari,https://www.facebook.com/groups/1737403363136570,phayathai,"rent,sale,condo",,
ซื้อ ขาย เช่า คอนโดใกล้บีทีเอสอุดมสุข บางนา แบริ่ง,https://www.facebook.com/groups/680489632468885,bangna,"rent,sale,condo",,
ซื้อ ขาย เช่า บ้าน คอนโด BTS สุขุมวิท ทองหล่อ อ่อนนุช อุดมสุข สำโรง ปากน้ำ,https://www.facebook.com/groups/condo.dd,"thonglor,onnut,sukhumvit,bangna",condo,,
ซื้อ ขาย เช่า บ้าน คอนโด ใกล้ MRT BTS ARL/Condo House Exchange Center,https://www.facebook.com/groups/bangkokcondo.zone3,bangkok,condo,,
ซื้อ ขาย เช่าคอนโด ขายเอง Owner,https://www.facebook.com/groups/1289950888832290,,"rent,sale,condo",,
ซื้อ ขาย เฟอร์นิเจอร์ ของแต่งบ้าน มือ1 มือ2 ราคาถูก,https://www.facebook.com/groups/1142033023016140,,"sale,house",,
ซื้อ ขาย แลก โช้ค สปริงเท่านั้น,https://www.facebook.com/groups/1818634755029377,,sale,,
ซื้อ ขาย แลกเปลี่ยน ทะเบียนรถสวย,https://www.facebook.com/groups/747045999354169,,sale,,
ซื้อ ขาย ให้เช่า ELIO DEL RAY Sukhumvit 64 เอลลิโอ เดล เรย์ สุขุมวิท 64,https://www.facebook.com/groups/1002731443522184,sukhumvit,"rent,sale",,
ซื้อ ขาย ให้เช่า The Muve บางนา,https://www.facebook.com/groups/238921507661006,bangna,"rent,sale",,
ซื้อ ขาย ให้เช่า อสังหาริมทรัพย์ ทุกทำเลทั่วไทย ลงประกาศฟรี!!,https://www.facebook.com/groups/W3Living,,"rent,sale",,
ซื้อ ขายบ้าน และ ที่ดิน กทม นนทบุรี ปทุมธานี นครนายก,https://www.facebook.com/groups/landsforsale,,"sale,house",,
ซื้อ'''ขาย'''แม็กเดิมยางเดิม''ติดรถ,https://www.facebook.com/groups/1593306134238301,,sale,,
ซื้อ-ขาย - โทรศัพท์ ไอแพด มือ1-2 ผ่อน - สด ✅📞,https://www.facebook.com/groups/973578603118611,,sale,,
"ซื้อ-ขาย iPhone, iPad, AirPods มือสอง (ประเทศไทย)",https://www.facebook.com/groups/139234440025745,,sale,,
"ซื้อ-ขาย iPhone, iPad, AirPods มือสอง (ประเทศไทย) V2",https://www.facebook.com/groups/2000459436894086,,sale,,
"ซื้อ-ขาย iPhone​, iPad​ ไอโฟน​,ไอแพด มือ1-มือ2",https://www.facebook.com/groups/380069290816499,,sale,,
ซื้อ-ขาย บ้าน คอนโด มือสองกรุงเทพ ปริมณฑล,https://www.facebook.com/groups/511373936713820,bangkok,"sale,condo,house",,
ซื้อ-ขาย บ้านบางใหญ่ บางบัวทอง นนทบุรี ลงขายฟรี,https://www.facebook.com/groups/1432583150894979,,"sale,house",,
ซื้อ-ขาย บ้านและที่ดินเกษตร-นวมินทร์ รามอินทรา สายไหม,https://www.facebook.com/groups/369582792748372,,"sale,house",,
ซื้อ-ขาย รถไฟฟ้า มือสอง ThaiEV2Car.com,https://www.facebook.com/groups/thaiev2car,,sale,,
ซื้อ-ขาย เครื่องใช้ไฟฟ้ามือ2,https://www.facebook.com/groups/872769602781754,,sale,,
ซื้อ-ขาย แม็กซิ่ง-ยาง% แม็กเดิม ถอดป้ายแดง ราคาถูก มือ1และมือ2,https://www.facebook.com/groups/152834838469274,,sale,,
ซื้อ-ขาย-เช่า บ้าน คอนโด ที่ดิน กรุงเทพ,https://www.facebook.com/groups/360639508893447,bangkok,"rent,sale,condo,house",,
ซื้อ-ขาย-เช่า อสังหาริมทรัพย์ เจ้าของขายเอง,https://www.facebook.com/groups/719012528287648,,"rent,sale",,
ซื้อ-ขายรถยุโรปมือสอง,https://www.facebook.com/groups/carshow,,sale,,
ซื้อ-ขายโน๊ตบุ๊ค คอมพิวเตอร์มือสองราคาดี,https://www.facebook.com/groups/194395815191762,,sale,,
ซื้อขาย ID PUBG MOBILE by RALYN,https://www.facebook.com/groups/291375610541828,,sale,,
ซื้อขาย iPhone - iPad มือสอง (ประเทศไทย),https://www.facebook.com/groups/301844711938869,,sale,,
ซื้อขาย iPhone 17 ProMax  iPhone 16 ProMax  15 ProMax in Thailand,https://www.facebook.com/groups/558776155062204,,sale,,
ซื้อขาย กระบะเกียร์ออโต้ 4 ประตู แคป และตอนเดียว ทุกยี่ห้อ ทั่วไทย,https://www.facebook.com/groups/1774803026627187,,sale,,
ซื้อขาย ของใช้ในบ้านมือสอง,https://www.facebook.com/groups/1937667219906870,,"sale,house",,
ซื้อขาย บ้าน ที่ดิน นนทบุรี ปากเกร็ด บางบัวทอง บางใหญ่ ท่าน้ำนนท์ ไทรน้อย,https://www.facebook.com/groups/nonthaburilandproperty,,"sale,house",,
ซื้อขาย ป้ายทะเบียนประมูล เลขทะเบียนสวย รถยนต์และมอเตอร์ไซค์,https://www.facebook.com/groups/licenseplatess,,sale,,
ซื้อขาย เครื่องใช้ไฟฟ้า ราคาถูก มือหนึ่ง/มือสอง(เครื่องใช้ไฟฟ้าราคาถูก),https://www.facebook.com/groups/372457374416981,,sale,,
ซื้อขาย เช่า บ้านเดี่ยว เท่านั้น กรุงเทพและปริมณฑล,https://www.facebook.com/groups/666225951320362,bangkok,"rent,sale,house",,
ซื้อขายกระบะเกียร์ออโต้ (เท่านั้น),https://www.facebook.com/groups/753250959771643,,sale,,
ซื้อขายกิจการ โรงแรม รีสอร์ท,https://www.facebook.com/groups/2093364177687029,,sale,,
ซื้อขายทีวี LED LCD ราคาเป็นกันเอง,https://www.facebook.com/groups/936422017313016,,sale,,
ซื้อขายที่ดิน ลาดกระบัง ประเวศ สวนหลวง บางนาตราด,https://www.facebook.com/groups/103231890267900,bangna,sale,,
ซื้อขายที่ดินราคาถูก จังหวัดปทุมธานี นครปฐม นนทบุรี กทม.,https://www.facebook.com/groups/265185597806991,,sale,,
ซื้อขายที่ดินราคาถูกทั่วประเทศ,https://www.facebook.com/groups/3227860220660491,,sale,,
ซื้อขายที่ดินแปลงเล็ก ราคาถูก,https://www.facebook.com/groups/1059590247742093,,sale,,
ซื้อขายบ้าน ที่ดิน อสังหาฯ ทั่วเมืองไทย,https://www.facebook.com/groups/property2thailand,,"sale,house",,
ซื้อขายบ้านมือ2 อ่อนนุช พระโขนง ประเวศ พัฒนาการ,https://www.facebook.com/groups/194947800049301,onnut,"sale,house",,
ซื้อขายบ้านหรู ที่ดินย่าน สุขุมวิท ทองหล่อ บางนา,https://www.facebook.com/groups/731998532179061,"thonglor,sukhumvit,bangna","sale,house",,
ซื้อขายรถนิสสัน Nissan รถนิสสันมือสอง,https://www.facebook.com/groups/2060313007395214,,sale,,
ซื้อขายรถบ้านมือ1-2 ยกให้ฟรีเอาไปผ่อนต่อเลย,https://www.facebook.com/groups/1838418329772990,,"sale,house",,
ซื้อขายรถผ่อนต่อไม่ไหว ขายดาวน์รถให้ผ่อนต่อ (ไม่รับเต็นท์),https://www.facebook.com/groups/869719970634554,,sale,,
ซื้อขายรถยนต์มือสอง,https://www.facebook.com/groups/224967702813462,,sale,,
ซื้อขายรถยนต์มือสอง (เน้นคุณภาพ),https://www.facebook.com/groups/122661764986717,,sale,,
ซื้อขายรถยนต์มือสองราคาถูก,https://www.facebook.com/groups/1847716915445356,,sale,,
ซื้อขายรถยนต์เท่านั้น(ทั่วไทย),https://www.facebook.com/groups/1810704199229253,,sale,,
ซื้อขายอะไหล่ถอดทีวี LCD LEDราคาเพื่อนช่าง,https://www.facebook.com/groups/219565160108556,,sale,,
ซื้อขายอะไหล่เครื่องซักผ้าราคาช่าง,https://www.facebook.com/groups/772980330320844,,sale,,
ซื้อขายเครื่องมือแพทย์คลินิกความงาม อุปกรณ์คลินิกความงาม,https://www.facebook.com/groups/830706024232488,,sale,,
ซื้อขายเช่า อสังหาริมทรัพย์ทุกประเภท,https://www.facebook.com/groups/1909551669287104,,"rent,sale",,
ซื้อขายเช่าอสังหาทั่วไทย,https://www.facebook.com/groups/126761218182054,,"rent,sale",,
ซื้อขายเฟอร์นิเจอร์ มือ1 มือ2,https://www.facebook.com/groups/153822588292527,,sale,,
ซื้อขายโช้คอัพ-สปริง มือ1มือ2ทั่วประเทศ,https://www.facebook.com/groups/862058284896636,,sale,,
ซื้อขายโซฟามือสอง ราคาถูก,https://www.facebook.com/groups/1372469086675337,,sale,,
ซื้อ​ ขาย​ ตามหา​ อุปกรณ์​/เครื่องมือ/ของใช้/ยา​ สำหรับคลินิกความงาม,https://www.facebook.com/groups/1063392954584008,,sale,,
ตลาดซื้อ/ขาย/เช่า บ้าน คอนโด ที่ดิน อาคารพาณิชย์,https://www.facebook.com/groups/1598408810399338,,"rent,sale,condo,house",,
ตลาดซื้อขายบ้านและที่ดินเมืองไทย,https://www.facebook.com/groups/propertysinthailand,,"sale,house",,
ตลาดออนไลน์ อัญมณี พลอย หยก หิน ซื้อ-ขาย,https://www.facebook.com/groups/290338665775582,,sale,,
ต่อเติมครัวหลังบ้าน ห้องครัวสวยๆ ราคาประหยัด,https://www.facebook.com/groups/2040003883067135,,house,,
ถาม-ตอบ สารพัดปัญหาเรื่องบ้าน,https://www.facebook.com/groups/3255595701139785,,house,,
ที่ดิน นนทบุรี ปทุมธานี กรุงเทพฯ นครนายก อื่นๆ,https://www.facebook.com/groups/174050276264727,bangkok,,,
ที่ดิน บ้าน จ.นนทบุรี ขายด่วน ขายถูก,https://www.facebook.com/groups/landforsale.nonthaburi,,"sale,house",,
ที่ดิน ให้ซื้อ-ขาย ลงได้เลยทุกภาค,https://www.facebook.com/groups/1022915861436251,,sale,,
ที่ดินนนทบุรีและปริมณฑล,https://www.facebook.com/groups/177974364558923,,,,
ที่ดินสดและผ่อนตรงกับเจ้าของ,https://www.facebook.com/groups/226691529225062,,,,
ที่ดินสวยนนทบุรี และปริมณฑล,https://www.facebook.com/groups/1075548766383469,,,,
ที่ดินสวยนนทบุรี ไทรน้อย บางบัวทอง บางใหญ่,https://www.facebook.com/groups/579628776819492,,,,
ที่ดินแบ่งขาย นนทบุรี,https://www.facebook.com/groups/493146798665367,,sale,,
นวดตามบ้าน,https://www.facebook.com/groups/1515629019643968,,house,,
บริการรถเช่าพร้อมคนขับทั่วไทย,https://www.facebook.com/groups/1064678304429178,,rent,,
บ้าน ที่ดิน อสังหาริมทรัพย์ ซื้อขาย แลกเปลี่ยน,https://www.facebook.com/groups/846176585481612,,"sale,house",,
บ้าน บ้านเดี่ยว คอนโด บ้านหรู คอนโดหรูอสังหา ขาย เช่า ซื้อ ทุกทำเล กรุงเทพ,https://www.facebook.com/groups/1560713614298904,bangkok,"rent,sale,condo,house",,
บ้านขนม เบเกอรี่ เค้ก ซื้อ-ขาย ราคาถูก,https://www.facebook.com/groups/2905110866411833,,"sale,house",,
บ้านมือ2 ลงขายฟรี,https://www.facebook.com/groups/356964131375357,,"sale,house",,
บ้านมือสอง กรุงเทพ บางเขน สะพานใหม่ รามอินทราและปริมณฑล,https://www.facebook.com/groups/1377341842675243,bangkok,house,,
บ้านมือสอง กรุงเทพฯ ลาดพร้าว รามอินทรา วัชรพล สายไหม ลงประกาศขายฟรี,https://www.facebook.com/groups/3394720297519670,ladprao,"sale,house",,
บ้านมือสอง นนทบุรี,https://www.facebook.com/groups/312410517410028,,house,,
บ้านมือสอง พระราม3 สาธุประดิษฐ์ ถนนจันทน์ เจริญกรุง เจริญราษฎร์ สาทร-ราชพฤก,https://www.facebook.com/groups/1416898395502795,silom,house,,
บ้านมือสอง ลาดพร้าว รามคำแหง รามอินทรา มีนบุรี บางกะปิ ลงประกาศฟรี,https://www.facebook.com/groups/781531866796539,"ladprao,ramkhamhaeng",house,,
บ้านมือสอง เจ้าของขายเอง ราคาถูก กรุงเทพ ปริมณฑล,https://www.facebook.com/groups/1283433552395358,bangkok,"sale,house",,
บ้านหรู Luxury House บ้านสวย บ้านพร้อมอยู่ ทั่วเมืองไทย,https://www.facebook.com/groups/430172273281481,,house,,
บ้านหรู บ้านเดี่ยว งบ 20-100 M. โซนบางนา กรุงเทพกรีฑา พัฒนาการ รามอินทรา,https://www.facebook.com/groups/1139152403716162,bangna,house,,
บ้านหรู ราคาแพง ตั้งแต่ 10ล้าน++,https://www.facebook.com/groups/279853161080281,,house,,
บ้านเช่า Home Office พื้นที่ค้าขาย อโศก พร้อมพงษ์ ทองหล่อ เอกมัย สุขุมวิท,https://www.facebook.com/groups/1231260878099341,"asoke,thonglor,ekamai,sukhumvit","rent,sale,house,office",,
บ้านเช่า คอนโดเช่า มีนบุรี รามอินทรา เสรีไทย นวมินทร์ ลาดพร้าว,https://www.facebook.com/groups/nongchoklandBKK,ladprao,"rent,condo,house",,
บ้านเช่า บ้านขาย นนทบุรี บางบัวทอง พระราม5 ปทุมธานี รังสิต ปริมณฑล,https://www.facebook.com/groups/356315773282930,,"rent,sale,house",,
บ้านเช่าทำเลค้าขาย ทำธุรกิจ โฮมออฟฟิศ โกดังให้เช่า,https://www.facebook.com/groups/Baanchao4business,bangkok,"condo,rent,sale",,
บ้านเช่าฝั่งธน,https://www.facebook.com/groups/BaanchaoThonburi,thonburi,"rent,house",,
บ้านเช่ารังสิต- ม.กรุงเทพ-ม.รังสิต-ฟิวเจอร์-ธัญบุรี-คลองหลวง,https://www.facebook.com/groups/1678826688975625,bangkok,"rent,house",,
บ้านเช่าสำหรับคนมีสัตว์เลี้ยง,https://www.facebook.com/groups/BaanchaoPetfriendly,bangkok,"rent,house",,
บ้านเช่าเลี้ยงสัตว์ได้ 🐶🐱,https://www.facebook.com/groups/1145005482549569,,"rent,house",,
บ้านเช่าโซน กรุงเทพกรีฑา ลาดกระบัง กาญจนาภิเษก ร่มเกล้า สุวรรณภูมิ,https://www.facebook.com/groups/7627500844006370,bangkok,"rent,house",,
บ้านเช่าโซน นนทบุรี รัตนาธิเบศร์ บางบัวทอง บางใหญ่ ราชพฤกษ์ พระราม5 บางกรวย,https://www.facebook.com/groups/1513539429434014,,"rent,house",,
บ้านเช่าโซน เทพรักษ์ พหลโยธิน สะพานใหม่ สายไหม เพิ่มสิน วัชรพล สุขาภิบาล5,https://www.facebook.com/groups/560756492884225,,"rent,house",,
บ้านเช่าโซนลาดพร้าว บางกะปิ โชคชัย4,https://www.facebook.com/groups/baanchaoladphrawzone,ladprao,"condo,rent,sale",,
บ้านเช่าโซนห้วยขวาง รัชดา พระราม9,https://www.facebook.com/groups/baanchaohuaikhwangzone,huaikhwang,"condo,rent,sale",,
บ้านเช่าโซนอ่อนนุช สุขุมวิท ศรีนครินทร์,https://www.facebook.com/groups/baanchaoonnutzone,onnut,"condo,rent,sale",,
บ้านให้เช่า บางนาตราด,https://www.facebook.com/groups/2940600292822069,bangna,"rent,house",,
ประกาศให้เช่าบ้าน บ้านเช่า ออฟฟิตให้เช่า,https://www.facebook.com/groups/rsungha,,"rent,house",,
ปล่อยเช่ากล้อง กรุงเทพ-รังสิต,https://www.facebook.com/groups/240629609046568,bangkok,rent,,
ปักหมุดคอนโด ย่านสุขุมวิท พร้อมพงษ์ ทองหล่อ,https://www.facebook.com/groups/241957405014467,"thonglor,sukhumvit",condo,,
ปิงปอง เพื่อนกัน - พูดคุย แลกเปลี่ยน ซื้อขาย แบ่งปัน(ให้เลย),https://www.facebook.com/groups/1590551361196346,,sale,,
ผู้ออกแบบ วัสดุตกแต่ง สร้างบ้าน ตกแต่งภายใน,https://www.facebook.com/groups/257722188502361,,house,,
ผ่อนต่อไม่ไหว ยกรถให้ฟรี หรือ ขายดาวน์ [ไม่รับเต็น],https://www.facebook.com/groups/894958567940043,,sale,,
ฟิล์มกรองแสงรถยนต์และฟิล์มบ้าน ติดตั้งทั้งในและนอกสถานที่,https://www.facebook.com/groups/461606308180856,,house,,
ฟิวส์ โมเบียส รามคำแหง - คลองตัน คอนโดให้เช่า,https://www.facebook.com/groups/802330937516183,ramkhamhaeng,"rent,condo",,
ยังไม่ได้อ่านผู้ดูแลอนุมัติรูปภาพของคุณใน แหล่งรวมคอนโด สุขุมวิท เอกมัย เพลินจิต นานา อโศก พร้อมพงษ์ ทองหล่อ แล้ว3 ชั่วโมง·Pantip Property Bkk จัดหา ฝากขาย บ้าน,https://www.facebook.com/groups/519346030556100,"asoke,thonglor,ekamai,sukhumvit",condo,,
รถบ้าน มือสอง,https://www.facebook.com/groups/1489764147767223,,house,,
รถผ่อนต่อไม่ไหว ต้องการขายดาวน์ หรือ ยกให้ไปผ่อนฟรี (เปลี่ยนสัญญาเท่านั้น),https://www.facebook.com/groups/172964262437087,,sale,,
รถยนต์มือสอง ซื้อ ขาย ถูกกฏหมาย เท่านั้น,https://www.facebook.com/groups/1666314583676632,,sale,,
รถเช่าขับเอง,https://www.facebook.com/groups/622604257944957,,rent,,
รถเช่าขับเอง ราคาถูก รังสิต กรุงเทพและปริมณฑล,https://www.facebook.com/groups/674853760174307,bangkok,rent,,
รถเช่าขับเอง/รถบ้าน,https://www.facebook.com/groups/278483833830061,,"rent,house",,
รถเช่าราคาถูก,https://www.facebook.com/groups/2300094396901490,,rent,,
รวม คอนโด ขาย ให้เช่า / อนุสาวรีย์ อารีย์ สนามเป้า ราชเทวี พญาไท รางน้ำ,https://www.facebook.com/groups/bangkokcondo.zone1,phayathai,"rent,sale,condo",,
รวมช่างซ่อมบ้านและคอนโด ตกแต่งต่อเติม บริการในกทมและปริมณฑล,https://www.facebook.com/groups/829977021275407,,"condo,house",,
รับต่อเติมบ้าน สร้างบ้าน รีโนเวทบ้าน,https://www.facebook.com/groups/502384774278971,,house,,
ลงประกาศฟรี ซื้อ-ขาย-เช่า บ้าน ที่ดิน บ้านเช่า ห้องเช่า โรงแรม,https://www.facebook.com/groups/597119800472919,,"rent,sale,house",,
ลุมพินี พาร์ค รัตนาธิเบศร์ - งามวงศ์วาน คอนโดให้เช่า,https://www.facebook.com/groups/727135668436510,ngamwongwan,"rent,condo",,
ลุมพินี วิลล์ ลาดพร้าว - โชคชัย 4 คอนโดให้เช่า,https://www.facebook.com/groups/1088013818794618,ladprao,"rent,condo",,
ลุมพินี เพลส พระราม 4 - กล้วยน้ำไท คอนโดให้เช่า,https://www.facebook.com/groups/354995862795903,,"rent,condo",,
ลูกบ้าน Chapter Thonglor 25,https://www.facebook.com/groups/321388222875453,thonglor,house,,
ลูกบ้าน COCO PARC Rama 4,https://www.facebook.com/groups/837275110851565,,house,,
ลูกบ้าน Whizdom Station Ratchada-Thapra (วิสซ์ดอม สเตชั่น รัชดา-ท่าพระ),https://www.facebook.com/groups/1762715277391826,ratchada,house,,
ล้อ แม็ก ขอบ 20 เท่านั้น ซื้อ - ขาย,https://www.facebook.com/groups/742990150769460,,sale,,
ส่งต่อ ตามหา ซื้อ-ขาย น้ำหอมแบรนด์เนมแท้100%,https://www.facebook.com/groups/377312444694120,,sale,,
หอพัก ห้องเช่า คอนโด กรุงเทพ ราคาถูก เริ่มต้น 3500,https://www.facebook.com/groups/renthub,bangkok,"rent,condo",,
หอพัก ห้องเช่า สุขุมวิท,https://www.facebook.com/groups/600852535574138,sukhumvit,rent,,
หอพัก ห้องเช่า อ่อนนุช,https://www.facebook.com/groups/863664458847992,onnut,rent,,
หอพัก อพาร์ทเม้นท์ พระโขนง อ่อนนุช อุดมสุข แบริ่ง,https://www.facebook.com/groups/2694021494238137,"onnut,bangna",,,
หอพัก อพาร์ทเม้นท์ รามคำแหง บางกะปิ ลาดพร้าว,https://www.facebook.com/groups/6873079222704513,"ladprao,ramkhamhaeng",,,
หอพัก/คอนโด ใกล้ พระราม9 ห้วยขวาง สุทธิสาร รัชดา ลาดพร้าว จตุจักร,https://www.facebook.com/groups/286189783809014,"ladprao,rama9,huaikhwang,ratchada",condo,,
หาคอนโด ขาย เช่า โซน อุดมสุข บางนา แบริ่ง ลาซาล สำโรง,https://www.facebook.com/groups/1087684258591140,bangna,"rent,sale,condo",,
หาช่างบิ้วอิน รีโนเวทบ้าน ตกแต่งภายใน ราคาดี เข้ามาเลย!!,https://www.facebook.com/groups/2979719878786257,,house,,
หาช่างบิ้วอิน เจ้าของบ้านหาช่าง(Built in)และต่อเติมหน้าบ้านโรงรถ,https://www.facebook.com/groups/818019059840514,,house,,
หาที่ดิน นวมินทร์ เกษตร-นวมินทร์ รามอินทรา,https://www.facebook.com/groups/493808604990989,,,,
หาบ้านเช่านนทบุรี บางบัวทอง บางใหญ่,https://www.facebook.com/groups/769454658567786,,"rent,house",,
หาหอ หาคอนโด ณ จุฬาฯ,https://www.facebook.com/groups/5974758855877399,,condo,,
หาหอพัก ห้องพัก คอนโดให้เช่าเมืองทองธานี แจ้งวัฒนะ ปัญญาภิวัฒน์ ศูนย์ราชการ,https://www.facebook.com/groups/4564612930240358,,"rent,condo",,
หาเช่าคอนโด คอนโดให้เช่า บ้านเช่า พระราม9 สุขุมวิท ห้วยขวาง เกษตร BY CondoP,https://www.facebook.com/groups/condo.p,"rama9,huaikhwang,sukhumvit","rent,condo,house",,
หาเช่าคอนโด ที่พัก หอพัก จตุจักร หมอชิต สะพานควาย อารีย์ พญาไท อนุสาวรีย์,https://www.facebook.com/groups/1412245986054608,phayathai,"rent,condo",,
ห้องซื้อ-ขาย Hi-lander Club Thailand,https://www.facebook.com/groups/apichaph,,sale,,
ห้องซื้อขาย REVO CLUB THAILAND [RCT Buy-Sell],https://www.facebook.com/groups/RevoMarket,,sale,,
ห้องเช่า คอนโด จตุจักร สะพานควาย ห้าแยกลาดพร้าว,https://www.facebook.com/groups/812723620253110,ladprao,"rent,condo",,
อยากสร้างบ้าน,https://www.facebook.com/groups/sangban,,house,,
อสังหาริมทรัพย์ ซื้อขายให้เช่า บ้าน คอนโด ที่ดิน,https://www.facebook.com/groups/propertydit,,"rent,sale,condo,house",,
เจ้าของ ขาย เช่า บ้านหรู คอนโดหรู Owner Luxury Home Luxury Condo,https://www.facebook.com/groups/438345012053010,,"rent,sale,condo,house",,
เจ้าของบ้านหาช่างกระจก/อลูมิเนียม ทั่วไทย,https://www.facebook.com/groups/227000028097163,,house,,
เจ้าของให้เช่า-ขาย คฤหาสน์ บ้านหรู 100KB-M+ 100MB กรุงเทพฯ ปริมณฑล Mansion,https://www.facebook.com/groups/1130711074542387,bangkok,"rent,sale,house",,
เช่า ซื้อ ขาย คอนโด บ้าน หอพัก อสังหาริมทรัพย์ กรุงเทพฯ กทม Bangkok,https://www.facebook.com/groups/1933037536983493,bangkok,"rent,sale,condo,house",,
เช่า เซ้ง ซื้อ ขาย ตึกแถว อาคารพาณิชย์ ที่ดิน ล็อกขายของ ตลาดนัด กรุงเทพ,https://www.facebook.com/groups/1714027931973410,bangkok,"rent,sale",,
เช่า/ขาย คอนโดโซนสาทร สีลม condo exchange Sathorn/Silom,https://www.facebook.com/groups/sathornsilomchidlomrama3,silom,"rent,sale,condo",,
เช่ารถขับเองราคาถูก,https://www.facebook.com/groups/2170225106433260,,rent,,
เช่ารถพร้อมคนขับ,https://www.facebook.com/groups/1949376975247027,,rent,,
เช่าร้านในกรุงเทพ,https://www.facebook.com/groups/424856411374968,bangkok,rent,,
เช่าออฟฟิศ สำนักงาน - Office for Rent / ขายตึกสำนักงาน - Office for Sale,https://www.facebook.com/groups/officebangkok,bangkok,office,,
เซ้ง/ขาย กิจการคลินิกเสริมความงาม โรงพยาบาล ทั่วประเทศ,https://www.facebook.com/groups/249114021447263,,sale,,
เซ้งกิจการ เซ้งร้าน เช่าร้าน,https://www.facebook.com/groups/827038097406203,,rent,,
เซ้งคลินิกเสริมความงาม/เครื่องมือแพทย์เสริมความงาม,https://www.facebook.com/groups/beautyclinic4sale,,sale,,
เฟอร์มือสองถูกๆ โล๊ะของย้ายบ้าน,https://www.facebook.com/groups/3806706832739627,,house,,
แจกฟรี หาบ้านให้หมาแมว ประกาศหมาแมวหลงหายและสัตว์อื่นๆทุกชนิด (ห้ามซื้อขาย),https://www.facebook.com/groups/517235702117358,,"sale,house",,
แชปเตอร์ วัน อีโค รัชดา - ห้วยขวาง คอนโดให้เช่า,https://www.facebook.com/groups/4728201410602052,"huaikhwang,ratchada","rent,condo",,
แต่งห้อง แต่งบ้าน แต่งเห๊อะ ขายทุกสิ่ง รีวิวทุกอย่าง,https://www.facebook.com/groups/4515260418600254,,"sale,house",,
แม่บ้านทำความสะอาดบ้านและคอนโด,https://www.facebook.com/groups/197057842309172,,"condo,house",,
แม่บ้านรายวัน รับทำความสะอาดบ้าน,https://www.facebook.com/groups/537128947646315,,house,,
"แหล่งคอนโด ห้วยขวาง รัชดา พระราม9 ลาดพร้าว สุทธิสาร ใกล้ BTS , MRT",https://www.facebook.com/groups/1048957453038848,"ladprao,rama9,huaikhwang,ratchada",condo,,
แหล่งคอนโดย่าน แยกรามคำแหง พัฒนาการ โซน เอกมัย ทองหล่อ กรุงเทพ,https://www.facebook.com/groups/1621650422030188,"thonglor,ekamai,ramkhamhaeng",condo,,
แอร์มือสอง ซื้อขายแอร์มือสอง​ และ​อะไหล่​แอร์,https://www.facebook.com/groups/1784354241777948,,sale,,
โกดังเช่า..ขาย,https://www.facebook.com/groups/7397259733622957,,"rent,sale",,
โกดังโรงงานให้เช่าทั่วไทย,https://www.facebook.com/groups/256142925519606,,rent,,
โกดังให้เช่า อยากเช่าโกดัง,https://www.facebook.com/groups/1989283254627917,,rent,,
โกดังให้เช่า โกดังขาย กรุงเทพปริมณฑล,https://www.facebook.com/groups/568758800315789,bangkok,"rent,sale",,
โกดังให้เช่า โรงงานให้เช่า คลังสินค้าให้เช่า ทั่วประเทศไทย,https://www.facebook.com/groups/227310434604253,,rent,,
โครงการบ้านกรุงเทพกรีฑา ตัดใหม่ บ้านเดี่ยว ทาวน์เฮ้าส์-ทาวน์โฮม,https://www.facebook.com/groups/1010595546257019,bangkok,house,,
โล๊ะของใช้ในบ้าน ในราคามิตรภาพ,https://www.facebook.com/groups/1457749987818072,,house,,
ให้ แจก ส่งต่อ ❗ฟรี❗ สัตว์เลี้ยงทุกชนิด ❌ห้ามขาย❌,https://www.facebook.com/groups/678591822774161,,sale,,
ให้เช่า คอนโด ที่พัก กรุงเทพ รายเดือน ระยะสั้น,https://www.facebook.com/groups/701746870156710,bangkok,"rent,condo",,
ให้เช่า ตึกแถว อาคารพาณิชย์ ทาวน์โฮม ทาวน์เฮ้าส์ โฮมออฟฟิศ,https://www.facebook.com/groups/2518673748306101,,"rent,house,office",,
ให้เช่า/ขาย คอนโด ติด BTS MRT รถไฟฟ้า กรุงเทพ (BTS Condo),https://www.facebook.com/groups/175356699802854,bangkok,"rent,sale,condo",,
ဘန်ကောက် Condo အဌား/အဝယ် တိုက်ရိုက်,https://www.facebook.com/groups/bangkokmyanmar,bangkok,condo,,
ဘန်ကောက် ကွန်ဒို အခန်း အရောင်း၊အငှား (Bangkok Condo Rooms Sale and Rental ),https://www.facebook.com/groups/900881220576681,bangkok,"rent,sale,condo",,
バンコク賃貸マンション Sale Rent Bangkok Condo,https://www.facebook.com/groups/580358205628940,bangkok,"rent,sale,condo",,
泰国曼谷公寓/别墅/二手房转售/长租/装修/托管_榴莲租房,https://www.facebook.com/groups/durianrentprop,,rent,,
泰國樓業主會 - 香港,https://www.facebook.com/groups/thaipropertyhk,,"condo,rent,sale",,
🏠บ้านมือสองสภาพดีพร้อมอยู่,https://www.facebook.com/groups/2758578704354272,,house,,
🏡บ้านสวยมือสองพร้อมอยู่,https://www.facebook.com/groups/449315559625555,,house,,
